id,position1,position2,position3,position4,position5,position6,position7,position8,position9,position10,position11,position12,position13,position14,position15,position16,position17,position18,position19,position20,position21,position22,position23,position24,position25,position26,position27,position28,position29,position30,xlabel,ylabel
0,-81,-76,-66.4,-47.6,-53.4,-44.6,-53.8,-65.2,-67.6,-78.2,-69,-59.6,-78,-68,-75.8,-47.6,-53.4,-43.2,-53.8,-65.8,-67.8,-76.2,-69.8,-59.6,-67.8,-55.2,-47,-74.8,-70.2,-62,15.18,21.4
1,-73.6,-68.2,-61.8,-64.2,-52.6,-40,-64,-75.8,-66.4,-70,-48,-59.4,-68.2,-61.6,-70.8,-65.2,-52.6,-39.6,-63.8,-75.8,-65.4,-70.2,-48,-58.4,-55.8,-66.4,-49.4,-69.2,-78,-62,15.18,12.4
2,-74,-75.4,-66.4,-66,-52,-40.2,-60,-73.8,-69.6,-72.4,-60.2,-58.4,-77.2,-66.2,-79.4,-66.6,-51.6,-40,-60,-73.4,-69.2,-72.4,-60.2,-59,-61.2,-66.2,-47.6,-65.6,-73,-54.2,15.18,11.2
3,-73.6,-70,-61.4,-61,-55.8,-40.6,-64,-72.6,-61,-67.8,-50.4,-60.6,-70,-61.2,-70.6,-61.2,-55.6,-39.4,-63.8,-72.4,-61,-69.4,-50.2,-60.8,-62.4,-66,-51,-75.6,-77.5,-67.2,15.18,13
4,-73,-71.6,-60,-63.6,-54.2,-37.4,-57.4,-69,-59.8,-70.2,-55.2,-62,-69.2,-60.4,-72,-63.2,-54.2,-37.6,-57.4,-68.2,-60,-70.2,-55.2,-61.6,-56.6,-64,-52,-73.4,-90,-66.8,15.18,13.6
5,-72.2,-71.8,-61.2,-60.2,-55.8,-38.4,-59.8,-67.8,-62.6,-69.8,-56,-61.8,-71.8,-60.8,-73.8,-60,-55.6,-39.4,-59.6,-68.8,-63.6,-69.8,-56,-61.4,-58.4,-67.8,-47.4,-71.2,-77,-59.6,15.18,14.2
6,-71.33333333,-73.4,-62,-61,-52.6,-40.6,-62.8,-70.8,-64,-70.8,-57.8,-61.8,-74.2,-61,-75,-61.6,-52.4,-40.2,-62.6,-71.4,-63.8,-71.6,-57.6,-62,-60.2,-66.8,-49,-72.6,-75.4,-61,15.18,14.8
7,-70.8,-81,-60.4,-61.6,-53.2,-39.8,-62.8,-71,-60.6,-72,-57,-61.4,-76,-60.4,-70.4,-61.6,-52.4,-40.6,-62.6,-72.8,-60.2,-73,-57,-61.8,-57.6,-67.4,-46.6,-73,-76.33333333,-60.4,15.18,15.4
8,-72.66666667,-72,-63.8,-56.8,-53.6,-40.2,-67.2,-72,-61.4,-67.6,-60.8,-59.8,-81,-65,-70,-57.2,-53,-42,-66.6,-72.6,-61.4,-67.6,-61,-60.2,-59.4,-64.2,-50.8,-74.8,-77,-61.4,15.18,16
9,-70,-72,-61.6,-58.4,-52.2,-43.4,-60.4,-73,-64.6,-69.2,-67.4,-54.8,-80,-62,-74,-58.2,-52.4,-43,-60.4,-72.6,-65.4,-69.8,-67.6,-54.8,-59,-65.4,-51.2,-75,-71.66666667,-65,15.18,16.6
10,-74.2,-73.8,-62,-61.2,-52.8,-40.2,-57.6,-69,-63.2,-73.8,-63.8,-52,-75.2,-62,-73.6,-61,-53,-40.4,-57.6,-69.2,-62.8,-73.8,-63.6,-52,-60.4,-63.4,-52,-72.2,-74,-62.2,15.18,17.2
11,-71,-70.9,-65.3,-57.8,-52.1,-42.6,-58.5,-71,-63.9,-72.5,-62.2,-58.5,-73,-64.2,-76,-57.5,-51.9,-39.4,-58.3,-73.6,-63.4,-70,-61.7,-58.9,-68.9,-59.8,-48.8,-72.1,-84.8,-65.3,15.18,17.8
12,-70.5,-74,-63.2,-58.8,-51.6,-41.6,-60.6,-68.4,-63,-74.2,-61.8,-59.8,-73,-63.2,-79.4,-58.8,-51.6,-41.4,-60.6,-68.6,-63,-73.8,-62.2,-60.2,-61.2,-67.6,-46.4,-73.6,-71.8,-60.4,15.18,18.4
13,-72.8,-71.8,-61.4,-59.8,-53.2,-41.4,-59.8,-75.6,-69.8,-67.6,-56,-56.6,-76.4,-61.4,-77.8,-59.6,-52.6,-41.4,-60,-77.6,-69,-67.8,-56.2,-56.8,-57.6,-66,-47.6,-66.4,-90,-56,15.18,11.8
14,-70,-76.2,-66.8,-59.8,-53.6,-46.2,-60.8,-67,-69.2,-73.6,-60.8,-56.2,-74.8,-66.4,-78.8,-60,-53.8,-47,-61,-67.6,-69,-72.8,-60.8,-56,-60.8,-58.6,-50.2,-75.2,-69.8,-61.4,15.18,19
15,-71,-76,-68.6,-53.8,-55.2,-46.8,-58.8,-62,-67.4,-79.8,-62.4,-56.4,-78,-68.2,-80,-53.8,-55.2,-47,-58.8,-61.8,-67.2,-80,-62.8,-56,-56.8,-67.8,-46.2,-75.6,-64.4,-69.6,15.18,19.6
16,-75.5,-76,-66,-55,-56.2,-45.6,-62.2,-56.4,-64.4,-80,-63,-60.6,-77.6,-67.2,-78,-55.2,-56.2,-45.8,-62.4,-56.2,-64.8,-80.2,-63,-60.6,-62,-57.8,-50.2,-75.6,-63.4,-60.8,15.18,20.2
17,-78,-76,-67.8,-52.8,-53,-47.6,-58,-59.8,-66.4,-79.4,-64,-59.4,-78,-67,-77.2,-53.2,-53,-46.4,-57.6,-60.2,-66.4,-79.2,-64.4,-59.6,-60.2,-59.8,-49,-73.4,-70.5,-63.4,15.18,20.8
18,-71.75,-77,-63.4,-55.4,-48.6,-41.6,-51.2,-68.2,-62.8,-75.6,-69.4,-61.8,-85,-63.8,-78.2,-55.4,-48.6,-40.6,-51.4,-67.6,-62.6,-74.8,-69.2,-60.6,-57.2,-60.2,-43.8,-77.5,-74.2,-64.4,15.78,21.4
19,-72.5,-69.2,-60.2,-64.4,-53.9,-39,-63.3,-75.1,-63,-70.5,-52.8,-58,-70.1,-59.9,-73.5,-64.4,-53.4,-39.2,-63.5,-75.9,-63.4,-70.7,-52.9,-57.5,-61.1,-71.4,-47.7,-69.8,-78.66666667,-66.4,15.78,12.4
20,-72.5,-78.4,-63.6,-70.4,-56.2,-40.6,-61.8,-76,-67.6,-74.8,-66,-62.8,-77.2,-65.2,-76,-70.2,-56.4,-40.8,-61.4,-76,-67.4,-74.4,-66.4,-63.4,-56.8,-67.4,-56.8,-69.8,-76.4,-55.8,15.78,11.2
21,-70.75,-70.8,-66.6,-65.8,-54.6,-41.8,-60.4,-72,-64.4,-69.6,-49.8,-59.4,-72.6,-66.6,-76.6,-66.6,-54.4,-39.6,-60.2,-75.6,-65.8,-69.4,-49.4,-60,-59.4,-70,-52.8,-72.4,-79,-72,15.78,13
22,-72,-69.4,-60.2,-60.8,-51.8,-42,-55.6,-70.2,-59.4,-69,-52.4,-61.4,-69.6,-60.8,-71.8,-60.6,-51.8,-42,-55.8,-69.6,-59.6,-69,-52.8,-61.8,-60.4,-70.8,-51.8,-70.2,-90,-68.4,15.78,13.6
23,-70.25,-69.6,-60,-62,-53.4,-38.8,-60,-70.2,-60.2,-68.6,-54,-62.2,-69.2,-60.6,-70.4,-62.8,-53.6,-39.4,-60,-70,-61.2,-68.8,-53.4,-62,-59.2,-66.6,-54.6,-71.8,-90,-63.8,15.78,14.2
24,-72.6,-68.4,-59.8,-62.2,-51.6,-36.8,-62,-67.8,-59.2,-69.2,-55.2,-58.8,-69.2,-60.4,-69.6,-62.2,-51.6,-38.2,-62,-67.8,-59.4,-69,-55,-58.8,-61,-69.2,-51,-71.4,-82,-64.4,15.78,14.8
25,-71.4,-67,-58.4,-59.8,-56.2,-37.8,-62,-68,-62.4,-66.8,-58.4,-57.2,-67.8,-60.2,-68.6,-59.8,-56.2,-37.6,-62,-68.4,-64,-67,-58.2,-57,-60.4,-65.8,-46.6,-73,-74.4,-64.8,15.78,15.4
26,-71.4,-70.2,-62.2,-60.2,-53.6,-38.2,-62.4,-66.4,-60.4,-69.6,-62.6,-54.4,-71.2,-62.8,-70.2,-60,-53.6,-38.2,-62.4,-66.6,-61,-69.4,-62.6,-54.6,-60.8,-63,-52.6,-71.6,-75,-62,15.78,16
27,-70.6,-84.2,-63.4,-59.4,-55,-42.8,-64,-71,-62.6,-77.2,-57.6,-53.4,-79.6,-63.2,-70,-59.6,-55.2,-42.4,-64,-70.2,-63,-76.4,-57.6,-53.2,-57.4,-67.8,-51.2,-70,-70.6,-65,15.78,16.6
28,-68.6,-75.8,-61,-57.6,-53.6,-39.6,-58.8,-71.2,-61.8,-71.6,-62.4,-57,-75.4,-62,-73.4,-57.4,-53.6,-38.6,-59.6,-71.4,-62.4,-72,-62,-57.2,-57,-67.4,-49,-67.2,-67.2,-69.2,15.78,17.2
29,-69,-72.2,-60.6,-58.8,-51.6,-40,-60.2,-66.6,-60.8,-73.6,-62,-55.8,-71,-60.2,-73.4,-59.4,-51.4,-39.4,-60.2,-66.8,-60.6,-72.6,-61.8,-55.6,-61.8,-61.4,-46,-72.5,-69.2,-70.4,15.78,17.8
30,-72,-72.6,-64.4,-59.4,-52.6,-43.8,-61.6,-64.4,-63.2,-73.2,-59.4,-57.2,-72.6,-64.6,-75,-59.6,-52.6,-43.6,-61.6,-64,-63.2,-73.2,-59,-57,-61.2,-66.8,-45,-75.8,-73.4,-64.2,15.78,18.4
31,-71.2,-76.6,-63.8,-71,-55.6,-40.4,-62.2,-77.2,-66.6,-70.2,-61.2,-61.6,-76.6,-63.2,-77,-70.8,-55.2,-41.2,-62.2,-77.4,-66.2,-70,-61,-61.4,-52.2,-67.4,-54.4,-64.8,-72.4,-61,15.78,11.8
32,-68.25,-74,-68.4,-60.4,-53.8,-42.4,-60.8,-61.2,-64.6,-77.6,-63.2,-65.2,-69,-67.6,-74.6,-60.2,-53.8,-42.4,-61,-60.8,-65.6,-76.6,-62.8,-65.4,-58,-64.2,-41.6,-79.5,-73,-68.4,15.78,19
33,-75.4,-74,-65.8,-59.2,-54,-43.2,-58.6,-58.6,-64.2,-74.2,-70.8,-62,-80,-67.2,-77,-59.2,-54,-43.6,-58.6,-58.2,-64.4,-74.2,-71.8,-62,-57,-62.8,-43.4,-74.8,-67.8,-66.2,15.78,19.6
34,-73.8,-75.8,-65.4,-54.8,-52.4,-45,-59.8,-63.4,-61.4,-71.6,-67.4,-60.2,-77.6,-64.6,-76.4,-54.8,-52.4,-45.4,-59.6,-61.6,-61.8,-71,-68,-59.8,-60.8,-66.4,-45,-73,-69.6,-64.6,15.78,20.2
35,-74,-77,-63.6,-55.4,-53.2,-46.8,-54.8,-65.8,-63.4,-74.4,-63.4,-62.4,-81.4,-63.8,-76,-55.4,-52.8,-46.4,-55,-66.2,-63,-74.2,-63,-62.2,-58.2,-62.8,-43,-81,-66.4,-67.2,15.78,20.8
36,-74.6,-84.2,-68.6,-54.2,-53.8,-45.8,-51.6,-65.4,-66.4,-79.6,-65.8,-64,-84.2,-68.4,-77,-54.4,-54,-44.2,-51.6,-65.6,-66.6,-77.4,-65.8,-63.6,-62.2,-56.2,-42.4,-73.25,-69,-67,16.38,21.4
37,-66.6,-69.4,-59.6,-68.4,-52.6,-38.6,-60.6,-75,-68.6,-70,-52.4,-54,-68.8,-60,-75.8,-69,-52.6,-38.8,-60.6,-75.4,-67.8,-70.6,-52.6,-54.2,-53.2,-70.8,-51.4,-67.4,-69.75,-67.2,16.38,12.4
38,-73.4,-71.4,-60.4,-69,-58.4,-42.8,-62,-71.6,-61.8,-69,-61.4,-61.2,-70,-60.2,-75,-69.2,-58.2,-43.4,-62,-72.2,-62.2,-69.8,-61.4,-60.8,-53,-64.4,-47.6,-67.2,-72,-58,16.38,11.2
39,-71.6,-66.4,-63,-63.4,-54.2,-36.2,-62.8,-75.4,-60.2,-67,-43.2,-58.8,-66.4,-63.4,-74.6,-63.2,-54.4,-36.4,-63.2,-73.6,-59.8,-66.4,-43.4,-58.6,-54.2,-70.2,-49.8,-73.8,-80,-65.2,16.38,13
40,-72.6,-66.2,-65.4,-64,-48.4,-39.6,-57.8,-66.2,-60,-69.6,-49,-57.2,-66.2,-65,-75.2,-64.6,-48.4,-38.6,-58,-66,-60,-68.6,-48.6,-57,-62.2,-63,-48.2,-68,-74.33333333,-63.6,16.38,13.6
41,-72.8,-67,-59.6,-62.8,-51.4,-36.8,-62.6,-67,-57.6,-72.4,-55,-59.6,-68.8,-61,-66.8,-62.8,-51.4,-37.8,-62.4,-66,-57.8,-74.2,-55.4,-59.6,-53.2,-68,-49,-67.6,-73,-61.6,16.38,14.2
42,-74.4,-67.6,-60.2,-60.2,-52.2,-40.6,-61.8,-67.4,-60,-75.6,-55.4,-59.4,-67.6,-60,-67.2,-60.4,-52.2,-41.4,-62.4,-66.4,-59.4,-74.8,-55.2,-59.4,-55,-68.5,-46.2,-68.6,-77.66666667,-60.8,16.38,14.8
43,-73,-70.8,-59.8,-62.2,-54,-41,-61.4,-68.6,-56.8,-77.6,-58.2,-60,-70.8,-60.2,-70.6,-62.8,-53.6,-39.8,-62,-67.2,-56.4,-73.8,-58,-60.8,-58.6,-63.8,-48.2,-69.4,-75.8,-61.6,16.38,15.4
44,-73.4,-73.8,-61,-58.2,-52.4,-38.2,-56.6,-72.2,-58.6,-76.4,-62,-57.4,-80,-62.4,-75.2,-58.2,-52.2,-38.2,-56.6,-70.8,-58.4,-76.6,-62,-58,-53.2,-64.8,-45.6,-70.8,-71.66666667,-58.4,16.38,16
45,-73,-75.2,-61.2,-63,-51.2,-40.4,-59.2,-69.4,-62.6,-73.6,-57.4,-59.2,-75.4,-62.8,-72.6,-63.4,-51.4,-40.6,-59.2,-69.6,-62.6,-74.4,-57.4,-58.8,-61.2,-65.4,-46,-71,-70.8,-66.6,16.38,16.6
46,-73.2,-73.2,-61.4,-65.2,-51.8,-41.8,-54.8,-66.6,-63.4,-74.2,-55.8,-59.4,-70.4,-61.2,-72.4,-65.2,-52,-42.2,-54.8,-66,-63.4,-73.4,-55.4,-59.2,-60.2,-60.2,-43.6,-68,-71.6,-66.4,16.38,17.2
47,-73.8,-72.4,-65.2,-59.6,-52.2,-43,-57.6,-65.8,-63,-74.8,-60.4,-55,-71.8,-64.4,-73.6,-59.6,-52,-43,-57.8,-65.4,-63.2,-74.8,-60.4,-55,-55.4,-62.8,-44.6,-72,-68.8,-67.2,16.38,17.8
48,-74.2,-77.6,-62.8,-54.8,-51.2,-43,-62.4,-67.8,-60.4,-74.2,-60.6,-51.8,-78,-62.6,-75,-55,-51,-41.6,-62.8,-68.2,-59.4,-73.8,-61,-52,-63,-65.8,-44.2,-72,-66,-67.2,16.38,18.4
49,-69.6,-71,-57.6,-71.8,-56.2,-45,-60,-74.2,-65.2,-66.8,-58.8,-56,-70,-57.6,-73.8,-70.8,-56.2,-43.2,-60,-74.2,-65.2,-66.8,-58.8,-56.2,-56.4,-67,-56.6,-66.66666667,-77,-63.4,16.38,11.8
50,-71.6,-76,-64.4,-59.2,-52.6,-43,-58.2,-61.4,-68,-79,-61.8,-56.6,-73.6,-65.8,-77.8,-59,-52.4,-42.4,-58.2,-61.2,-65.8,-75,-62,-56.8,-66.8,-66.6,-42.6,-71.8,-65.4,-62.4,16.38,19
51,-72.75,-78,-65,-60,-49.4,-45.4,-59.2,-56.2,-66.2,-75.2,-64.8,-57.8,-77.8,-64.8,-80.8,-59.6,-49.2,-44.4,-59.2,-56.8,-65.4,-71,-65,-58.2,-60.2,-62.2,-44.4,-69.2,-64.6,-67,16.38,19.6
52,-78.4,-84.8,-64.8,-57.4,-55,-45.6,-58.4,-66.2,-63.6,-72,-67.2,-56.8,-84.6,-65.6,-75.4,-57.6,-54.8,-48.2,-58.2,-65.8,-63.6,-72,-67.4,-56.6,-58.8,-61,-46.8,-74,-67.4,-67,16.38,20.2
53,-75.6,-81,-64.8,-52.4,-52.4,-45.4,-55.8,-69,-64,-73.2,-68.2,-60.6,-81,-65,-75,-52.6,-52.6,-45.8,-55.8,-69.8,-64,-73,-68,-60.6,-61.4,-67.4,-44,-72,-67,-67.8,16.38,20.8
54,-80,-84.6,-70.4,-62.2,-58.6,-48.8,-48.2,-65.2,-68.6,-70.4,-68.6,-66.2,-84.6,-70.6,-85,-63.2,-58.6,-47.8,-48.4,-65,-69.4,-70.2,-67.6,-66.6,-62.2,-59.6,-54.8,-75,-62,-50.2,13.98,21.4
55,-69,-84,-65.6,-65.6,-52.6,-39.4,-58.2,-70,-62.4,-72.2,-49.8,-56.6,-81,-65.8,-65.4,-65.6,-52.6,-38.4,-58.6,-70.6,-63,-72.2,-49.8,-57.2,-56.2,-65.2,-52.8,-70.6,-74,-59,13.98,12.4
56,-73,-78.8,-67.2,-68.4,-53.8,-42.8,-60.6,-75,-65.4,-73.6,-69,-60.8,-67,-67.2,-80.4,-68.6,-53.8,-43.2,-61.2,-74.8,-65.2,-73.6,-69.6,-60.6,-61.6,-72.2,-50.2,-59.66666667,-90,-58.8,13.98,11.2
57,-68.4,-68.6,-61.6,-62.8,-52.4,-39.2,-60.2,-69.4,-60.2,-69.4,-58.6,-56,-68.2,-61.6,-71.2,-63.2,-52.2,-39.4,-59.4,-69.6,-59.6,-69.8,-58.8,-56,-53.8,-69,-45.6,-64.4,-81,-66.4,13.98,13
58,-74,-70,-62.2,-61.4,-55.8,-36.8,-65.4,-70,-63.8,-71.4,-62.2,-56.2,-72.6,-62.2,-77,-61.6,-55.8,-36.4,-65.8,-71.4,-63.2,-73.4,-62,-56.6,-56,-66.4,-42.2,-71,-81,-62.6,13.98,13.6
59,-73.6,-74.2,-63.6,-57.8,-57.6,-40.8,-60,-73,-61.2,-74.8,-64.6,-60.8,-75,-66.6,-73.4,-58.2,-57.6,-38,-59.6,-72.8,-62,-75.6,-65,-60.6,-59.2,-64.6,-40.8,-65.4,-90,-62.6,13.98,14.2
60,-77,-73.4,-68.4,-60.2,-57.8,-39.8,-61.4,-71,-62.8,-66.8,-63.4,-60,-73.8,-68.2,-76.6,-60.2,-57.8,-40.2,-61.2,-71.2,-62.4,-66.4,-63.6,-59.8,-58.8,-65.5,-45.6,-68.2,-90,-61.2,13.98,14.8
61,-73,-73.4,-63,-67.8,-55,-42.4,-60.4,-70.8,-61.8,-68.8,-61.6,-57.2,-74,-63.8,-77.8,-68,-55,-42.6,-60.6,-71.8,-62.4,-68.8,-61.4,-57.4,-65,-64.4,-45,-70.6,-78,-64.2,13.98,15.4
62,-70,-74,-61.4,-60.4,-56.6,-43.8,-64.4,-68.8,-61.4,-71.4,-62.2,-63.8,-74,-61.4,-76.4,-60.4,-56.6,-44.8,-64.4,-68.6,-61,-71.4,-62.6,-63.4,-57.6,-72,-45.6,-70,-71,-61.6,13.98,16
63,-69.8,-84,-65.4,-61.8,-54.4,-42.4,-61,-71.6,-62.8,-70.4,-60.8,-61.2,-80.2,-65.2,-76.8,-61.8,-54.4,-42.4,-61,-72.6,-64.8,-70.4,-61,-61.6,-62.4,-68,-47.6,-70.6,-70,-67,13.98,16.6
64,-71.5,-80.8,-64.6,-59.6,-52.2,-42.6,-57,-71,-65.6,-68.2,-61.2,-59.8,-79,-65.4,-78.4,-59.8,-52.2,-41.8,-57.2,-72.4,-66.2,-68.4,-61.6,-59.6,-58.8,-62.2,-44.8,-71,-72,-70,13.98,17.2
65,-75.6,-80,-61.6,-60.4,-53.4,-41.4,-62.4,-68.4,-62,-72.2,-60.4,-59,-78,-61.8,-77.2,-60.6,-53.4,-42.6,-63,-69.4,-64.8,-72,-60.8,-59.2,-58.2,-60.6,-43,-75.6,-72,-61.2,13.98,17.8
66,-76,-77.6,-62.2,-54.4,-52,-43.6,-59.6,-69.2,-65,-77.6,-62.2,-62.8,-79.2,-61.6,-77.4,-54.4,-51.8,-44.4,-60,-69.8,-65.4,-77.4,-61.8,-62.8,-56,-65,-40,-72,-73,-61.6,13.98,18.4
67,-72,-86,-61.4,-68.6,-54.4,-39.2,-58.6,-73.6,-63.8,-75.2,-55.4,-59.2,-86,-61.2,-74.2,-67.8,-54.2,-39.4,-58.8,-74,-64,-74.8,-55.2,-59.6,-58.2,-71.6,-47.2,-68,-74,-66.2,13.98,11.8
68,-71.8,-81.2,-63.6,-50.6,-52,-43.6,-59.8,-72.6,-68.4,-75,-60.4,-56.8,-80.6,-65.8,-79.6,-50.6,-52,-44,-59.6,-72.4,-67.8,-75.6,-60.6,-56.4,-60,-62.8,-44.4,-70.4,-73,-63.4,13.98,19
69,-69.8,-78,-65.6,-54.6,-48.2,-45.6,-56.2,-71,-65,-71,-64.8,-58.2,-79.6,-64.4,-78,-54.8,-48,-45.2,-56.2,-70.8,-64.6,-70.6,-64.8,-58.6,-63,-67.2,-45,-69.2,-73.8,-69,13.98,19.6
70,-72,-78,-64.8,-55.6,-50,-45.2,-62.8,-66.8,-66.4,-68.6,-65.8,-56,-76.8,-64,-78,-55.6,-49.8,-45.4,-63,-66.2,-66.2,-68.2,-66,-56.2,-58.2,-61.4,-44.4,-77,-71.4,-67.4,13.98,20.2
71,-74,-79.4,-69.2,-50.8,-52.4,-51.2,-50.8,-58.6,-69.2,-68.4,-69.8,-58.8,-80,-69.2,-81.8,-51,-52.2,-49.8,-50.8,-58.8,-69.2,-68.2,-70,-59,-68.6,-62.6,-52,-76.2,-60.6,-58.6,13.98,20.8
72,-77,-84,-65.2,-58.8,-52.8,-43.8,-59.2,-65.4,-65.4,-69.4,-62.2,-58.4,-86.6,-65.2,-81,-59.2,-52.6,-46.2,-59.2,-65.4,-65.6,-69.8,-62,-58.4,-60.6,-58,-39.6,-67.2,-67.4,-62.2,16.95,21.4
73,-72.8,-70,-60.4,-72.4,-58.4,-41.2,-63,-72,-57.4,-70,-55.8,-55.2,-71,-61,-70,-72.2,-58,-40.4,-63.2,-71.8,-57.2,-72,-56,-55,-63.2,-67.4,-48.2,-70.33333333,-78,-63.8,16.95,12.4
74,-75.5,-73,-60,-65.4,-57.2,-48.8,-61,-70.6,-62,-70.2,-62.6,-58.4,-73,-60,-75.4,-65.4,-57.2,-49.2,-61,-71.2,-61.4,-72.6,-62.6,-58.6,-46.8,-65.2,-49.8,-70,-76.4,-61.6,16.95,11.2
75,-68.2,-66.8,-62.4,-68.2,-58,-43,-64.2,-71.6,-62.6,-72.2,-45.4,-56.2,-67.8,-62.6,-73,-70.2,-57.8,-42.4,-64.2,-70.6,-61.2,-73.6,-45.8,-56.2,-60.2,-70,-54.6,-69,-77.5,-66,16.95,13
76,-72.8,-67.4,-60,-65,-54.8,-39.8,-60.8,-77.6,-57.4,-72.4,-44.6,-56,-67.2,-60.2,-75,-65,-54.8,-39.4,-61.2,-71.2,-57.8,-73.4,-44.6,-56.2,-58.8,-67.5,-55.4,-76.2,-76.8,-67.6,16.95,13.6
77,-71.8,-69,-59.6,-67.6,-50.2,-38.2,-61.2,-70.4,-55.2,-74,-48.8,-54.8,-69.2,-59.2,-75,-68,-49.8,-38.8,-61,-70.6,-55.6,-74,-48.6,-54.6,-59.4,-64.8,-53,-70.75,-75.4,-70.6,16.95,14.2
78,-74.6,-69,-57.8,-65,-50.8,-37.8,-61.6,-66.6,-59.4,-79.4,-55.8,-56,-71.6,-56.6,-67.8,-65.8,-50.6,-37.6,-61.4,-67.6,-59.8,-79.6,-56,-56,-58,-62.33333333,-57.6,-75.4,-76.8,-62.8,16.95,14.8
79,-72.66666667,-68.4,-57,-65,-54,-36.8,-61.4,-67,-57.4,-74.2,-59.8,-54.2,-69.6,-57,-69.4,-65.4,-54.2,-37,-61.4,-66.8,-57.6,-74.4,-60.2,-54.4,-53.6,-61.6,-54,-73.4,-78.5,-67.2,16.95,15.4
80,-74.4,-67,-63.6,-66.4,-50.8,-37.6,-61.4,-67,-58.2,-78.6,-57,-61.2,-72,-64,-69.8,-66.6,-50.4,-37.6,-61.2,-66.2,-57.8,-76.8,-57,-61.8,-53.8,-64.4,-44.6,-73.4,-81,-58.2,16.95,16
81,-74.2,-74.6,-63.8,-62.2,-50.2,-40.2,-59.8,-66.4,-62.6,-80,-61,-59.6,-76.4,-64.2,-68,-62,-50.4,-40.2,-59.6,-66,-61.6,-75.8,-61,-59.4,-57.8,-63.8,-47,-75.66666667,-73.2,-62,16.95,16.6
82,-70.6,-71.6,-61.6,-65,-50.4,-41.8,-57.4,-70.8,-62.6,-75.2,-57.4,-57,-72.2,-61.8,-70,-64.6,-50.4,-41,-57.6,-71.4,-63,-74.2,-57.4,-57.2,-59.2,-63.6,-43,-70,-72,-69,16.95,17.2
83,-78.4,-70.6,-61.2,-66.2,-51.2,-44,-61,-67.8,-61.2,-73.4,-60.8,-54.4,-71.8,-61.4,-73.6,-65.6,-51,-44,-61.2,-66.4,-61.6,-74.6,-60.6,-54.2,-56.6,-65.2,-43.4,-72,-74.8,-62.2,16.95,17.8
84,-70.6,-70,-62.8,-61.6,-48.6,-40,-58.2,-66.8,-60.4,-70.4,-64,-54.6,-72.4,-63.4,-74.4,-61.8,-48.4,-42.2,-58.6,-66.6,-60.2,-70.6,-64.4,-54.6,-58.6,-62.4,-41.8,-73.6,-75,-62.8,16.95,18.4
85,-74.4,-73,-62.6,-67.8,-54.6,-42.2,-62,-77,-62.2,-70.6,-61.2,-58.2,-73,-63,-71.4,-67.6,-54.6,-42.6,-62,-76.8,-62.2,-69.2,-61,-58.6,-50.8,-65.8,-51.8,-69.6,-72,-59,16.95,11.8
86,-70,-73,-63.4,-59,-49,-44,-58,-59.2,-61.6,-67.8,-65.4,-65.2,-75.8,-63.4,-75,-59.2,-48.8,-43,-58,-59,-61,-68,-65.8,-65.4,-57,-61.2,-41.8,-75,-71,-66.4,16.95,19
87,-74,-75,-63.2,-58.2,-53.8,-42.8,-56,-57.8,-61.8,-68,-63.6,-61.4,-74,-62.8,-74.6,-58.4,-53.8,-42.4,-57.4,-57.8,-62.6,-67.6,-63.6,-61.4,-55.4,-65.8,-48.6,-71,-66.6,-59.6,16.95,19.6
88,-78,-81,-63.6,-57.8,-52.2,-43.4,-59.4,-65,-61,-67.2,-63.4,-56.2,-78.6,-63.4,-75,-57.8,-52,-44.6,-59.2,-64.8,-61,-67.6,-63.4,-56.4,-59,-66.4,-42,-70.2,-65.75,-63.6,16.95,20.2
89,-73.33333333,-84,-66.4,-55.4,-51,-44,-65.2,-63.4,-62.6,-69.8,-65.8,-59.8,-81,-65.8,-77.4,-55,-51,-43.6,-65.2,-63.6,-60.6,-70,-66,-60,-63.4,-65.6,-41.4,-72.2,-68.2,-63.8,16.95,20.8
90,-77.5,-86.2,-62.6,-58.6,-50.4,-43.2,-60.6,-68,-64.2,-73.4,-63.4,-55.2,-85.6,-62.8,-76.2,-58.6,-50.4,-53,-60.6,-67.6,-63.8,-73.2,-63,-55.2,-64,-62,-38.4,-73.75,-71,-65.6,17.58,21.4
91,-68.6,-72.4,-61.6,-67,-54.8,-37.8,-64,-71.6,-58.2,-73.8,-54.8,-59,-71.6,-61.4,-75,-66.8,-55.2,-38.8,-64.2,-69.6,-58.6,-73.6,-54.8,-59.2,-56.8,-66.4,-51.2,-72.2,-72,-66.8,17.58,12.4
92,-73,-80.4,-62.2,-67.8,-57.6,-43.4,-60.4,-76,-64.6,-70.8,-65.4,-55.8,-81,-62.8,-80.2,-68.4,-57.8,-43,-60.6,-70,-64.4,-71,-64.8,-56,-53.6,-63,-45.6,-67.6,-70,-61.6,17.58,11.2
93,-69.4,-64.2,-61,-68.2,-55.6,-37.6,-64.6,-69.4,-57.4,-72,-46.8,-55.6,-65.4,-62.6,-76.8,-69.8,-55.6,-38.4,-65,-71.2,-57.6,-71.8,-46.6,-56.2,-58.8,-68,-57.6,-70,-75.5,-69.2,17.58,13
94,-70.8,-67.8,-60.4,-64.2,-50,-37,-59,-71.2,-56.2,-68.2,-44.6,-53.8,-70.2,-63.2,-70.4,-64,-49.8,-36.8,-59,-72.8,-57,-68.4,-44.6,-53.4,-59.6,-63.8,-51.6,-66,-78,-65.4,17.58,13.6
95,-69,-70.6,-61.6,-63.4,-50.2,-38,-62.8,-69.2,-53.2,-68.2,-50.2,-59.2,-71.4,-62,-69.6,-63.6,-50.2,-37.6,-63.4,-68,-53.6,-69.4,-50,-58.8,-59.6,-63.4,-49.2,-68.4,-79.5,-65,17.58,14.2
96,-70.6,-69.6,-58.4,-62.2,-51.6,-38.8,-61.2,-65.4,-57.6,-71.4,-51.2,-57.8,-69.8,-58.8,-68.4,-63.4,-51.4,-39,-61.6,-65.2,-57.4,-72.2,-51,-57.8,-60.8,-70.2,-52,-69.4,-78.5,-66,17.58,14.8
97,-77,-69.2,-57.2,-65.2,-51.6,-35.8,-60.6,-67.2,-54.6,-75.4,-57.4,-54.4,-69.2,-57.6,-69,-65.2,-51.2,-34.2,-61,-67.6,-54.8,-74.2,-57.2,-55,-62.2,-70.6,-51.6,-71.6,-79,-69,17.58,15.4
98,-74.6,-73.6,-61.2,-62.6,-50.4,-42,-62.6,-67.6,-57.4,-72.4,-56,-56,-74.4,-64.8,-71.6,-62.4,-50.4,-41,-62.6,-66.8,-57.8,-73,-56.4,-56,-60.6,-69.8,-45.4,-78.8,-76.2,-57.4,17.58,16
99,-71.8,-74.8,-62.6,-60.8,-50.2,-41,-59.6,-65.6,-62.8,-74.2,-57,-58,-75,-62.8,-72.4,-61.8,-50.2,-40,-59.6,-66.6,-62.4,-76.4,-57.4,-57.6,-56.6,-69.4,-42.6,-77,-73.33333333,-61.2,17.58,16.6
100,-73.4,-71.4,-60.8,-60.6,-50.2,-42.2,-54,-65.8,-61,-72,-55.4,-56.2,-71,-61.8,-76.4,-61,-50,-39.6,-54,-65.4,-61.6,-71.4,-55.6,-56.6,-62.6,-66.8,-40.2,-76,-72.25,-65,17.58,17.2
101,-67.6,-73,-60.6,-60.6,-50,-39,-56.8,-66.4,-58.6,-68.8,-59.8,-61.2,-71,-62.8,-77,-60.2,-50,-40,-56.6,-66.8,-58.8,-68.8,-60,-61.4,-59.2,-61.2,-42.6,-77,-72,-62.2,17.58,17.8
102,-73.8,-79.4,-62.6,-62.4,-51.8,-41.8,-56.8,-59.8,-60.6,-71.8,-63.8,-63.2,-77.8,-63.8,-76.6,-62.2,-51.8,-41.8,-56.8,-59.4,-60.6,-71.4,-63.4,-64.4,-63.6,-61.8,-38.4,-69.8,-73.6,-62.4,17.58,18.4
103,-72.6,-73.6,-62.2,-63.8,-57.2,-42.6,-61.6,-71.8,-62,-77.2,-57,-55.8,-73.4,-62,-71,-63.4,-57.2,-41.2,-61.6,-70,-61.6,-78.4,-57.2,-56,-55.2,-69.4,-49.4,-71.33333333,-70,-64.6,17.58,11.8
104,-82,-79.8,-63.8,-58,-49.4,-40.6,-59.8,-56.2,-65.4,-74.8,-66,-60.8,-78.8,-63.4,-80.2,-58.6,-49.2,-41,-59.8,-56.4,-64.2,-75.6,-66,-61.2,-58,-67,-44,-74.5,-66,-60,17.58,19
105,-82,-78,-65.8,-59,-51,-42.4,-61.2,-62.2,-64,-74.2,-64,-58.8,-77,-66,-79,-58.8,-51,-42,-61.2,-62,-63.4,-73.4,-64.6,-58.6,-59,-66,-39.4,-76,-63.8,-67.2,17.58,19.6
106,-77,-85.4,-66.6,-61.6,-50.6,-43.8,-58.2,-66,-61.6,-78.8,-64.4,-55.6,-84.4,-66.6,-77.4,-61.4,-50.6,-43.8,-58,-66,-61.4,-78.4,-64.6,-55.4,-59,-63,-40.8,-69.4,-70.2,-62,17.58,20.2
107,-77,-85,-65.6,-60.8,-51.2,-42.4,-58,-67.6,-65,-74.4,-64.6,-55.8,-84,-63.4,-76.2,-60.8,-51.2,-41.8,-58,-67,-64.8,-74.8,-64.8,-55.8,-57.6,-62.2,-45,-70.4,-77,-65.8,17.58,20.8
108,-75.5,-88,-64.2,-57,-53.2,-42.2,-54.8,-70.2,-66.4,-75,-62.8,-63.2,-86,-63.8,-75.8,-57,-53,-43.4,-55,-70.2,-66,-71.8,-62.8,-63.2,-63,-62.8,-40,-76.25,-73.4,-63.6,18.18,21.4
109,-68.8,-76,-62,-62.8,-55.6,-40.4,-64.8,-71.6,-61.6,-76.2,-60.8,-52,-73.6,-62.4,-79.4,-63.2,-55.6,-40.6,-64.4,-73.4,-61.8,-77,-61,-52.4,-51.6,-62.4,-55.6,-65,-72,-65,18.18,12.4
110,-76.25,-76,-61.8,-69.6,-56,-43.2,-61.4,-72.8,-62.8,-71.4,-71.4,-57.6,-73.8,-63,-79.6,-69.6,-55.6,-43.6,-61.2,-70.2,-61.8,-72.4,-71.4,-57.8,-50.8,-63.2,-41.8,-67.4,-76.8,-65,18.18,11.2
111,-70.8,-69.8,-63,-62,-54.4,-36.8,-64,-73.8,-58.6,-77.4,-52.6,-55.6,-70,-62.6,-81.4,-61.6,-54.2,-37.8,-64.2,-74.2,-58.6,-77.4,-52.8,-55.6,-58.2,-64.6,-54,-69.6,-72,-69.6,18.18,13
112,-71.66666667,-70.2,-57,-62,-51.6,-37.6,-62.8,-72.6,-56.6,-73.8,-45.8,-55.6,-69,-57,-73.8,-62.4,-51.4,-37.6,-62.8,-79,-56.6,-74.4,-45.8,-56,-57,-61.2,-55,-68,-90,-64.2,18.18,13.6
113,-67.6,-67.6,-57.4,-62.4,-51.4,-37.8,-63.8,-73.4,-59.6,-72.8,-47.8,-54.8,-66.8,-57,-72,-61.8,-51.2,-37.6,-63.6,-74.6,-58,-72.6,-48,-54.8,-55,-63.8,-52.8,-68,-83,-63.8,18.18,14.2
114,-67,-75,-57.6,-62.8,-51.8,-40,-64.2,-66.4,-56.8,-71.8,-49.8,-48.8,-74,-57,-70,-62.8,-51.8,-40,-63.4,-65,-57.2,-71.4,-49.8,-48.8,-59,-64.8,-49.2,-69,-80.2,-67.4,18.18,14.8
115,-68,-72.8,-56.4,-61,-50.2,-37.4,-64.4,-64.2,-58.2,-71.2,-53.6,-51,-71.8,-56.6,-75,-60.8,-50.2,-39.2,-65.2,-66.6,-58.2,-71.2,-53.4,-51.2,-59.4,-65.6,-48,-69.33333333,-76.2,-64.6,18.18,15.4
116,-70.2,-77,-59.2,-61.4,-48,-37.6,-66,-67.6,-56.6,-71,-57,-55.8,-75.4,-58.8,-73.2,-60.4,-47.8,-38,-67.8,-66.4,-56.6,-71.4,-57,-55.8,-59.2,-59.6,-45.8,-69.33333333,-74.6,-62,18.18,16
117,-71.4,-77.4,-60.2,-64.8,-45.2,-38,-69.8,-69.4,-56.6,-73,-61.8,-55.4,-73,-60.6,-70,-64.2,-45.2,-38,-70,-66.6,-56.6,-73.2,-62.2,-55.4,-61.6,-60.2,-42.6,-74.8,-75.6,-57.2,18.18,16.6
118,-70.4,-74.8,-58.2,-60.6,-45.8,-40.2,-58.8,-66.4,-59.8,-69.8,-58.6,-52.8,-73.8,-58.8,-70,-60.8,-46.2,-41.8,-60,-66.6,-59.6,-69,-58.8,-53.2,-60,-61.4,-43.4,-75.33333333,-76.66666667,-61.6,18.18,17.2
119,-75,-75.4,-59.6,-61.8,-46.2,-41.6,-59.4,-67,-57.2,-67.8,-60.2,-56.2,-76.6,-59.8,-73,-61.6,-46.2,-41.4,-57.4,-68.4,-57.2,-67.4,-60.6,-56,-60.2,-65.2,-39.4,-66,-75,-63.2,18.18,17.8
120,-76.6,-75,-59.2,-60.4,-49.8,-43.6,-61.8,-59,-58.8,-69,-62,-52.6,-75.8,-59,-76.8,-60.6,-49.6,-43.4,-61.6,-59.6,-59,-69.4,-62,-52.6,-61,-61.6,-42.6,-72,-72.8,-63.4,18.18,18.4
121,-77,-73.8,-62.2,-64.4,-55.6,-41,-60.4,-71,-62.2,-72,-62.6,-52.8,-74,-62.4,-78.2,-65,-55.6,-42,-60.8,-72.6,-62.4,-71.8,-62.4,-53.2,-46.6,-61.4,-54.8,-70,-73.25,-62.6,18.18,11.8
122,-72.6,-76.8,-59.8,-61.8,-51,-45.8,-56.8,-56.8,-62.4,-69.2,-68,-57.4,-77.2,-59.8,-75.4,-62.6,-51,-46,-56.6,-57.2,-61.8,-69,-69.8,-57,-58.6,-65.2,-41,-90,-68.8,-59.6,18.18,19
123,-73.6,-75.4,-60.8,-63.6,-51.8,-43.2,-62,-68.4,-61.4,-71,-63.2,-58.6,-74.6,-61,-75.8,-63.6,-51.8,-42.2,-62,-64.4,-61.2,-70.4,-62.8,-58.8,-60.8,-63.4,-39,-76.2,-66.5,-58.6,18.18,19.6
124,-74,-73,-64,-60.2,-48.6,-41,-59.4,-66.4,-64.2,-76.2,-68.8,-59,-73,-64.6,-73.8,-61.2,-48.6,-41.2,-59.6,-67.2,-65.8,-74.2,-69,-59,-60,-60,-33.6,-73.2,-65.6,-57.6,18.18,20.2
125,-76,-74.2,-65.6,-57.4,-50.6,-42.6,-57.8,-67.6,-69.2,-76.4,-61.6,-61.2,-76.6,-65,-72.2,-57.6,-50.6,-41,-57.6,-67.8,-68.6,-75.4,-61.6,-61.2,-56,-62,-35,-73.8,-68.4,-63.8,18.18,20.8
126,-78.4,-75,-63.2,-59.8,-49.4,-42.2,-63,-66.8,-61.8,-80.8,-73.8,-65.4,-75,-63.2,-76.8,-59.8,-49.4,-46,-62.6,-67.2,-60.8,-82.6,-73.8,-65.4,-64,-61.2,-36.4,-72,-75,-71.6,18.78,21.4
127,-67.4,-66,-59.2,-64.2,-52.8,-41.8,-62.2,-76,-61,-79,-63.4,-55,-65,-59.4,-71.2,-64.2,-52.8,-42,-61.8,-76.2,-61.2,-79,-63.8,-55,-55,-67.2,-43.6,-90,-76,-61.8,18.78,12.4
128,-78,-75.8,-62.4,-64.8,-55,-42.8,-65,-72,-63,-76.4,-68.4,-58.6,-75.8,-65.2,-72,-65,-54.8,-43.4,-64.8,-72.2,-63.8,-76,-68.6,-59,-60.8,-67,-45.4,-78.5,-81,-56,18.78,11.2
129,-69.6,-65.6,-62.2,-63.4,-55.4,-36.8,-63.2,-73.6,-60.8,-77,-57.2,-54.2,-65.8,-62.6,-80,-62.6,-55.4,-36.8,-63.4,-74.4,-61,-73.4,-57.4,-54.6,-56.4,-67.4,-49.2,-90,-70,-65.6,18.78,13
130,-71.6,-70.4,-64.4,-61,-52.2,-38.6,-63.4,-70.8,-58.2,-72.8,-44.6,-53.2,-70.2,-64.2,-81,-61,-51.8,-38.8,-62.8,-70,-57.8,-72.8,-44.6,-53.4,-58.2,-64,-48,-73,-76.8,-66.2,18.78,13.6
131,-69.8,-71,-64.4,-61,-52.4,-35.8,-63.2,-68.8,-61,-72.8,-46.2,-54.4,-70.8,-60.8,-81,-61,-52.2,-36.6,-63.2,-65.6,-61.4,-73.6,-46,-54.2,-58.2,-60.6,-47.2,-67.75,-77,-67.6,18.78,14.2
132,-70.4,-68.4,-61.6,-62.6,-50.8,-35.4,-61.8,-64.4,-56.8,-73,-49.8,-57,-68.6,-60.4,-77.8,-62.4,-50.8,-38,-60.8,-62,-56.6,-73,-49.6,-57.2,-57.6,-59.4,-48.4,-70.2,-77,-61.4,18.78,14.8
133,-77.6,-68.6,-58.8,-61.8,-47.8,-36.6,-62.6,-61.2,-55.6,-71.6,-54.4,-54.4,-68.4,-58.8,-70.4,-62.2,-47.6,-37.2,-62.4,-60.6,-55.6,-71,-54.8,-54.2,-56.6,-64.8,-44.4,-76.8,-77,-66,18.78,15.4
134,-72,-75,-61.4,-61.4,-44.2,-36.2,-65,-64.4,-55.8,-70.8,-63.4,-50,-75,-61.4,-68,-61.4,-44,-36,-65.4,-65,-56,-68.8,-63.2,-50.4,-63.6,-66,-45.2,-66.8,-73.25,-68.4,18.78,16
135,-70.2,-75,-61.2,-62.2,-44.2,-40.6,-60.4,-66,-59.4,-71.2,-63.8,-55,-75,-61.4,-69.8,-63.2,-44.2,-40.6,-60.6,-66.6,-60.2,-70,-64,-55,-57.6,-63,-43.8,-65.2,-75,-65.6,18.78,16.6
136,-71.2,-72.4,-60.8,-61,-44.6,-40.4,-55,-66.6,-61,-74.8,-63.4,-55.8,-74.2,-60.8,-77.6,-61,-44.4,-40.6,-55.2,-66.4,-61,-74,-63,-55.8,-59.8,-63.8,-45,-69.4,-74,-66.4,18.78,17.2
137,-73,-74,-61.6,-63.2,-47.2,-41.4,-63,-61.2,-57,-72.2,-65.4,-55.2,-73.2,-62.6,-76.4,-63.2,-47,-41.2,-63.2,-61.2,-57.2,-71.6,-65.8,-55.2,-59.8,-62,-42,-76.5,-71.75,-65,18.78,17.8
138,-71.6,-72,-63.6,-64.6,-49,-40.4,-60,-63.6,-61.4,-76.4,-66.8,-55.2,-73,-65.2,-72,-64.2,-49,-40,-59.6,-62.8,-61.2,-75.2,-67.6,-55.2,-63.4,-63.4,-32.2,-74,-72.4,-65.6,18.78,18.4
139,-73.2,-68.4,-56,-66.6,-56.4,-43,-64,-73.6,-62.6,-75,-61.2,-54.4,-67.4,-56.4,-72.6,-67,-56.4,-42.8,-64,-72.8,-62.4,-75.6,-61.4,-54.2,-54.8,-66,-54.4,-73.4,-90,-62.4,18.78,11.8
140,-76,-72.2,-62.2,-59.6,-51.2,-43.8,-57.8,-60.4,-58.8,-71.8,-68,-55.4,-73.4,-62.2,-72.8,-60,-51.2,-44,-57.8,-60.6,-60.4,-72,-68.2,-55.6,-63.8,-62.8,-33.2,-70.2,-66.4,-61,18.78,19
141,-90,-73.4,-60.2,-63.2,-49.2,-42.6,-60.4,-66.8,-54.6,-72.8,-68.4,-57,-76,-61.4,-76,-63.2,-49,-42.2,-60,-67,-54.8,-72.4,-66.8,-57.2,-63.6,-61,-33.6,-72,-70.2,-67.2,18.78,19.6
142,-78,-84.8,-62.8,-59,-52,-39.2,-54,-68.8,-60.4,-78,-68,-57.8,-86,-62.4,-76,-59.2,-52,-39.2,-54.4,-68.4,-60.4,-78.2,-67.6,-58.2,-58.6,-61,-33.4,-73.2,-67.6,-63,18.78,20.2
143,-78.33333333,-85.4,-64.8,-58.2,-49.2,-44.6,-66.8,-68,-64,-77.2,-68,-61.6,-83.8,-65.4,-76,-58.6,-49.2,-43.6,-66.8,-68.8,-64.8,-77.6,-68,-61.2,-63,-57.6,-38.8,-72,-71.6,-63.6,18.78,20.8
144,-78,-74.6,-62.8,-55.4,-48.4,-43.2,-57,-72,-64.2,-75.6,-64.8,-63.4,-79.4,-61.6,-73,-56,-48.4,-43,-57.2,-68.6,-65.4,-79.6,-64.8,-63.2,-65.75,-63,-40.4,-73.2,-73.4,-60.8,19.38,21.4
145,-69.4,-78.4,-64.8,-62,-55.2,-42.8,-65.8,-73.2,-66.6,-72,-61.2,-55.2,-76,-65.2,-77.2,-62,-55.2,-42.8,-66.4,-73,-66.8,-74.6,-60.8,-55.2,-57.6,-62.4,-55,-72,-77,-65.4,19.38,12.4
146,-77,-78.8,-62.2,-67,-52.2,-46.8,-68.2,-76.4,-64.2,-80.2,-67,-58.6,-75.2,-63.6,-73.6,-67,-52.2,-46.8,-68,-75.8,-63.2,-76.4,-67,-58,-47.6,-66.8,-48.6,-81,-70.5,-54,19.38,11.2
147,-72.8,-75.4,-64.2,-62,-53.6,-44.8,-63.4,-73.8,-58.6,-75,-62,-53.8,-74.8,-64,-73.6,-61.8,-53.6,-45.2,-63.6,-75.2,-59.2,-75.2,-61.8,-54,-49.6,-63.8,-50,-72,-74,-64.2,19.38,13
148,-71,-70.4,-63.2,-66.4,-53.4,-39.2,-66.4,-70.4,-59.8,-71.4,-51.2,-52.4,-70.4,-62.8,-72.2,-66.2,-53.4,-39.6,-66.2,-70.8,-59.6,-71.2,-50.8,-52.8,-54.8,-64,-51,-68.4,-75,-65.8,19.38,13.6
149,-68.6,-73,-62.2,-67,-52,-40.2,-66.2,-72.4,-58,-69.8,-45.8,-55.6,-72,-61.8,-75,-66.6,-51.8,-39.8,-66,-72.4,-57.4,-69,-46,-55.6,-55,-67,-51.2,-75,-72,-66.4,19.38,14.2
150,-73.8,-71.8,-62.4,-65.8,-51.8,-40.6,-64.8,-72.6,-54.6,-72.6,-50.2,-53,-71,-64.4,-73.6,-65.6,-51.8,-40.4,-64.8,-71,-54.6,-70.4,-50,-53,-58.2,-63,-48.2,-78,-72.66666667,-65.8,19.38,14.8
151,-71.6,-70,-61,-65,-48.4,-35.2,-62.2,-70.6,-58.8,-70.2,-53.8,-55.8,-70.4,-60.4,-72,-65.2,-48.4,-35.4,-62,-68,-59.2,-70.2,-53.8,-56,-57,-62.8,-49.2,-72,-78.8,-69,19.38,15.4
152,-75.4,-69,-61.2,-63.2,-46.4,-36.8,-62.8,-65,-58,-69.2,-54.8,-56,-68,-61.4,-72,-63.2,-46,-35.8,-63,-66.4,-58.2,-69.6,-54.8,-56,-54.6,-67.5,-49,-72,-77,-69.8,19.38,16
153,-76.2,-71.6,-61.8,-63.6,-46,-39.6,-69.6,-67.8,-59.2,-70,-57.8,-52.8,-70.8,-62.4,-72,-63.8,-45.8,-39,-69,-67.6,-59.8,-69.8,-58,-52.6,-56.6,-65.6,-45.6,-72.5,-73,-65.6,19.38,16.6
154,-68.8,-82,-62.2,-58.4,-46.6,-40.2,-57.4,-62.4,-59,-74.4,-61.2,-58.4,-82,-62.4,-69,-58,-46.6,-39.6,-57,-62,-59.4,-73.4,-61.4,-58.6,-56.4,-63.6,-41.8,-69.6,-77,-64.4,19.38,17.2
155,-70.33333333,-78,-61.4,-58.8,-48,-41.6,-57.6,-60.8,-56,-71.6,-63.4,-55.2,-78.8,-60.6,-71,-59,-47.6,-40.4,-57.6,-61.2,-56.2,-70.4,-63.8,-55.4,-61.2,-62.8,-41.4,-74.33333333,-78,-63.8,19.38,17.8
156,-73,-74.2,-61,-59.6,-48,-42.2,-63.2,-63,-59,-70.4,-64.4,-51.6,-76.2,-60.4,-72.6,-59.8,-47.8,-41.2,-63,-66.8,-61.2,-71,-64.2,-52.2,-60,-65.2,-38.2,-74.5,-75.8,-66,19.38,18.4
157,-72.2,-76,-60.2,-67,-56,-46.2,-66,-74.6,-63.2,-74.2,-66.6,-54.8,-76,-59.4,-80,-67.2,-56,-46.4,-66,-74,-62.6,-75.4,-66.8,-55.2,-48,-62.8,-47.4,-75.6,-77.4,-59.6,19.38,11.8
158,-73.2,-73.6,-62,-64,-46.8,-41.8,-63.8,-64.8,-63.6,-71.6,-66.4,-54.4,-75.2,-61.6,-74.8,-63,-46.6,-42.2,-63.8,-65.2,-63.6,-72,-66.6,-54.4,-60.6,-66,-42.4,-72,-70,-65.8,19.38,19
159,-76,-74.2,-60.8,-66.2,-46.6,-42.6,-60.8,-65,-62.2,-69.6,-65.2,-58.6,-74.2,-61.4,-75,-66.8,-46.6,-42.8,-60.8,-65.2,-62.6,-69.4,-65,-59.4,-56.8,-64.2,-33,-90,-66,-62.6,19.38,19.6
160,-74,-73,-63.8,-61.2,-42.8,-39.2,-60,-63.6,-60,-76.8,-67,-57.2,-73,-60.4,-73.8,-61.2,-42.4,-39.4,-60.2,-63.6,-59.8,-75,-67.2,-57,-60.2,-61.4,-23.6,-73,-66.75,-65.6,19.38,20.2
161,-74.8,-73,-64.2,-57.8,-47.2,-42.8,-58.6,-69.4,-65.2,-78,-70.8,-63,-73,-63.6,-73,-57.6,-46.8,-40.6,-58.4,-69.4,-64.2,-75,-71.6,-63.2,-62.2,-63,-35.8,-75.5,-66,-66,19.38,20.8
162,-80.8,-86,-65.2,-58.8,-49.2,-43.8,-64.8,-70.2,-65.4,-75.6,-70.6,-60,-88,-64.8,-80.4,-58.8,-49.2,-44,-64.4,-69.6,-65.6,-77.6,-71,-60.6,-67,-57,-35.6,-72.5,-77,-65,19.98,21.4
163,-71.8,-74.6,-62,-67,-55.2,-44.4,-65.8,-75.6,-65.6,-66.8,-59.6,-53,-74.6,-62.4,-76,-68.2,-55.2,-44.6,-66.2,-74.4,-66,-66.8,-60.2,-53.2,-59.2,-67,-46.2,-67.2,-74.8,-63.6,19.98,12.4
164,-90,-79,-63,-72.8,-56.8,-50.2,-63.2,-73.6,-65.8,-68,-66.8,-52.4,-81.4,-65.4,-82,-72.6,-56.4,-50,-63.2,-74.2,-66,-67.8,-67,-52,-41.6,-74,-49,-65.8,-76.5,-63,19.98,11.2
165,-72,-72,-61.4,-62.4,-53.2,-43.4,-68,-73.4,-60.2,-70.4,-58.8,-57.8,-67,-62,-76,-62.4,-53,-42.4,-67.8,-73.4,-60.2,-70.6,-58.8,-57.6,-54.4,-69.4,-46.2,-65,-76.4,-66,19.98,13
166,-69.4,-68,-59.4,-68.4,-53.6,-40.8,-64.4,-72.4,-57.8,-70.2,-52,-54,-68.8,-60,-78.8,-68.4,-53.6,-41.8,-64.4,-72,-57.8,-70.2,-52,-53.8,-48.8,-66.2,-52.2,-67.4,-76,-66.6,19.98,13.6
167,-69.4,-72.8,-62,-67.2,-54.6,-42.2,-63.6,-71.4,-57.4,-68.8,-47,-54.6,-71.6,-61.6,-75,-66.8,-54.8,-42,-63.6,-72.4,-57.2,-68.8,-47.4,-54.2,-53,-64.6,-54.4,-67,-78,-67.75,19.98,14.2
168,-73.2,-71.2,-59.2,-66.6,-53,-43.4,-62.8,-72.8,-56,-67.8,-50.8,-54.8,-70.6,-57.6,-75.6,-66.4,-52.8,-42.2,-63.2,-74.2,-56.6,-68.2,-50.8,-54,-56.2,-63.4,-47.8,-68.2,-72,-66.2,19.98,14.8
169,-72,-79,-57.6,-68.8,-44,-39.6,-59.6,-67.4,-51.6,-69.2,-58.6,-55.2,-73.2,-57.8,-77,-68.4,-43.8,-39.2,-59.8,-68.4,-51.2,-68.4,-58.2,-55,-62.4,-68,-48,-70,-80.6,-67.8,19.98,15.4
170,-71.33333333,-79,-63.2,-65.6,-46,-36.6,-63.4,-66.8,-55,-75.4,-57.6,-61,-70,-63.4,-77,-65.6,-46,-37.8,-63.4,-67.4,-55.2,-73.8,-57.6,-60.4,-54,-66,-46,-72,-80,-66.6,19.98,16
171,-71.2,-70,-62.6,-66.8,-43.8,-44,-61.8,-67.8,-58.2,-77.4,-59,-60.8,-70,-62.6,-75.6,-67,-43.4,-43.4,-62,-67.8,-58.2,-77,-59.4,-60.8,-57.2,-62.6,-39.4,-71.8,-78.8,-69.2,19.98,16.6
172,-69.8,-73,-61.2,-60.4,-43.8,-41.8,-59.6,-62.4,-57.8,-71.2,-65.8,-59.8,-74.8,-61.8,-73.8,-60.6,-44,-41.6,-59.4,-60.2,-57.4,-73.4,-66.2,-59.8,-57.8,-62.8,-47,-71,-67.6,-66.6,19.98,17.2
173,-73.2,-78.4,-61,-63.6,-43.6,-42.2,-61.8,-60.2,-57.6,-71.6,-65.6,-56.2,-78,-61.4,-76.2,-63.4,-43.8,-42.2,-61.4,-60,-57.4,-71.4,-65.2,-56,-56.8,-65.8,-41.2,-72,-69.2,-66.6,19.98,17.8
174,-70.8,-77.4,-61.2,-64.2,-43.4,-40.8,-62.2,-61.6,-62.4,-74.4,-62.6,-54.8,-77.8,-61.6,-76.2,-64,-43.2,-40.4,-62.6,-63,-61.6,-70.6,-63,-55,-56.4,-65.2,-32,-78,-74,-63.4,19.98,18.4
175,-70,-73,-60.2,-65.6,-54.6,-46.4,-61.6,-77.4,-64.8,-70.2,-67.6,-50,-73,-59.6,-80.8,-65.8,-54.8,-46.6,-62,-77.6,-64.2,-69.6,-67.4,-49.6,-48.8,-72,-48.6,-67.6,-75.2,-64.8,19.98,11.8
176,-77.4,-76.2,-62.4,-63,-46.8,-41,-59,-65.6,-60.6,-77.2,-64,-54.6,-76,-63.2,-75,-62.8,-46.8,-40.8,-58.8,-69.2,-60.6,-80,-64,-54.6,-60.8,-63.6,-38.8,-75,-71,-69.8,19.98,19
177,-74.33333333,-72.4,-59.2,-61.8,-42.6,-40.4,-55.8,-62.8,-58.4,-75.4,-62.2,-54.2,-74.2,-58.2,-75,-61.8,-42.2,-40,-55.8,-63,-59.6,-76,-62.4,-54,-64.6,-60.4,-31.2,-75,-73.4,-64.2,19.98,19.6
178,-73.4,-86,-61.6,-59.8,-45.2,-44.4,-67.4,-74,-64.2,-74.8,-66.4,-56.2,-88,-62.4,-77.2,-60,-45,-44.2,-67.2,-71.4,-63.8,-75.2,-66,-57,-65,-65.4,-27.2,-75,-75.2,-69.4,19.98,20.2
179,-81.66666667,-86,-62.8,-59.6,-46.2,-45.4,-66.8,-70.8,-64.8,-75.2,-69.4,-58.6,-88,-63,-78,-59.4,-46,-45.8,-66.6,-71.4,-64.6,-73.6,-69.8,-58.8,-68.2,-65.6,-29.2,-73.66666667,-77.2,-64,19.98,20.8
180,-79.4,-78.8,-62,-53.4,-49.4,-43.6,-57.6,-69.4,-63,-82.2,-69.2,-62.4,-78.8,-64.2,-74.8,-54,-49.4,-43.6,-57.6,-72.8,-63.8,-82.6,-69.2,-62.2,-60.6,-54.8,-34.6,-71,-74.2,-63.6,20.58,21.4
181,-82,-80,-62.4,-66.8,-59.2,-48.2,-64.4,-71.8,-63.2,-72,-67.2,-54.6,-83.8,-63,-78,-66.2,-59,-49.4,-64.4,-73.2,-64,-72.2,-67.4,-54.6,-50,-65.4,-51.2,-69.4,-90,-67.2,20.58,12.4
182,-90,-79,-64.4,-66.8,-61.2,-53.4,-67.6,-73,-68.2,-73,-64.8,-55.2,-85,-64,-77.2,-66.4,-61,-53.2,-67.8,-73.4,-67.4,-73,-64.6,-55.4,-45,-70.4,-49.4,-63.4,-76.2,-57.2,20.58,11.2
183,-69.25,-75.6,-62.2,-70.2,-59.2,-45.2,-65.2,-69.6,-62.2,-67.8,-64.6,-54,-70.4,-62.2,-75,-71,-59,-46.2,-65.6,-69.6,-63.4,-68.2,-65.2,-53.8,-52.8,-65.8,-52.2,-71,-90,-67.2,20.58,13
184,-66.75,-69.8,-60.4,-62.6,-56.8,-46,-65.6,-68,-58.8,-70.8,-62,-53.6,-70.2,-65.8,-76.6,-62,-56.4,-44.4,-67.4,-68,-59.4,-71,-62.2,-53.2,-52.6,-64.2,-56,-69.6,-64.6,-62.2,20.58,13.6
185,-68.8,-68.6,-62.2,-66.4,-52.4,-42.8,-64.6,-71.6,-56.8,-72,-50,-58.6,-68.8,-62.8,-77,-67.2,-52.4,-43.2,-64.6,-71.6,-57.4,-70,-50,-58.2,-47.8,-64.4,-53,-69.6,-73,-64.2,20.58,14.2
186,-68.2,-68,-62,-65.2,-51.2,-45.8,-63.6,-70,-53.4,-75.6,-48,-58.8,-69.2,-62,-75,-64.6,-51.2,-44.2,-64.2,-69.2,-53.4,-71.2,-48,-58.6,-56.8,-63.8,-56.2,-68.8,-75.2,-65.2,20.58,14.8
187,-68.8,-70.4,-61,-68.2,-51.8,-38.8,-62.6,-72.6,-52,-79.4,-53,-56.2,-70,-60.8,-75,-67.4,-52,-39.4,-62.8,-72.2,-52.2,-76.4,-53,-56.4,-53.2,-64.4,-48,-68.66666667,-76.6,-65.2,20.58,15.4
188,-73.2,-70,-61.2,-64,-44.4,-37.6,-61,-73.4,-52.8,-78.2,-61.8,-56,-70,-61,-75,-65.2,-44.2,-36.2,-61.2,-72.6,-52.6,-78,-62,-56,-63.2,-64.2,-49.6,-68.2,-74.4,-65.2,20.58,16
189,-78.8,-80.6,-63.4,-59.8,-39.8,-42,-61.8,-62.6,-54.6,-74.8,-57.8,-60,-80.2,-60.4,-77,-60,-40,-43.4,-61.8,-62.8,-55.4,-74.8,-57.4,-60.2,-58.2,-64,-46.8,-68,-76.4,-66.2,20.58,16.6
190,-74.2,-73.6,-64.6,-62.8,-39.4,-42.6,-59.4,-61,-53.6,-75.2,-57,-58.8,-73.4,-64.4,-78.6,-63,-39,-42.6,-59.4,-60.8,-53.8,-75.4,-56.6,-59,-60.6,-65.5,-46.6,-77,-74.4,-67.2,20.58,17.2
191,-70.4,-75.2,-64,-60.8,-39.8,-42.6,-60,-58.8,-55.4,-75.2,-63.8,-56.4,-75.2,-62.6,-73,-60.8,-39.8,-43.8,-60,-58.6,-56.8,-75.4,-63.6,-56.6,-55.2,-65.6,-44.8,-69.2,-73,-66.2,20.58,17.8
192,-72.2,-78,-62.4,-63.8,-40.2,-44.4,-64.6,-60.6,-56.2,-73,-68.2,-59.6,-78.2,-61.4,-72.6,-63.8,-40.4,-44.2,-64.8,-60.6,-56.6,-75.6,-68,-59.8,-62.4,-66.4,-42,-68,-69.4,-65.2,20.58,18.4
193,-82,-79.2,-63.6,-64.2,-57,-48.8,-64.8,-74.8,-68.6,-72.2,-66,-55.8,-85,-64.2,-74,-63.8,-56.8,-50.4,-65.2,-75.6,-68.6,-72.8,-66,-55.8,-45.4,-64.2,-51.6,-65.8,-78,-60.2,20.58,11.8
194,-74.4,-78,-61,-62.2,-41.6,-44.8,-60.2,-63.8,-57.8,-72.8,-66.2,-63.2,-77.2,-61.4,-72,-62.2,-41.6,-44.6,-59.6,-63.6,-57.6,-74.2,-66,-63.4,-55.6,-63.2,-42,-70,-69,-67.2,20.58,19
195,-73.2,-74.4,-61,-57.6,-43.8,-42.2,-61.6,-62.4,-58.2,-72,-68.6,-54.8,-75.4,-61,-70,-57.8,-43.4,-42,-61.8,-62.2,-58.4,-77.2,-68.2,-54.8,-58.6,-61,-38.8,-71.25,-79.4,-69.6,20.58,19.6
196,-79.4,-76,-59.8,-60.8,-43,-44.4,-67,-68.4,-61.4,-73.4,-61.2,-58.6,-74,-59.8,-70,-60.8,-42.8,-42.2,-66.8,-66,-61.8,-75,-61.2,-58.8,-62.2,-63.2,-34.2,-72,-75.6,-70,20.58,20.2
197,-80.6,-76,-60.8,-59.2,-48,-44,-66.2,-72.8,-62.8,-77.6,-67.6,-62,-74,-60.8,-70,-59.2,-48,-43.4,-66.2,-72.4,-63.2,-76.2,-67.8,-61.6,-61.2,-65.2,-32.8,-69,-76.25,-65,20.58,20.8
198,-77,-82,-62.8,-59.4,-55.4,-50.2,-66.4,-73.2,-65.8,-80,-74.2,-62.2,-81,-63.6,-76,-59.6,-55.6,-51.2,-66.4,-72,-64.2,-79.4,-74.4,-62.6,-61,-52,-34.4,-68.5,-77.4,-66,21.18,21.4
199,-69.33333333,-69,-64,-68,-55.4,-45.2,-68.4,-80.6,-62.8,-74.2,-61.4,-57.4,-69,-63.8,-78.6,-68.6,-55.8,-45.6,-68,-74.6,-63.2,-73.8,-61.6,-57,-47.2,-66,-56.6,-67.2,-80.25,-62.4,21.18,12.4
200,-79,-81.2,-66.2,-70.8,-61.6,-52.6,-65.2,-81.2,-67.2,-74.6,-70,-59,-81.2,-72,-77.4,-69.4,-61.6,-51.6,-65.6,-80.6,-68,-75.6,-70.2,-58.6,-46.4,-66.8,-52.8,-68.8,-75.8,-66.4,21.18,11.2
201,-67.2,-75,-61,-69.4,-59.8,-49.4,-69.2,-81,-64.2,-72.8,-66,-62.8,-71.4,-61,-83,-69.6,-59.6,-49.6,-68.6,-74.4,-64.6,-73.4,-66.2,-63.4,-49.2,-64.6,-54.6,-68,-78,-65.6,21.18,13
202,-70,-73,-63.8,-67.6,-56.6,-46.6,-67.2,-80,-58,-77,-62.4,-63.2,-73,-62.2,-83,-67.8,-56.6,-45,-67.6,-78.4,-59.6,-76.8,-63,-63.2,-48.8,-70,-53.8,-69.8,-78,-65.6,21.18,13.6
203,-65,-70,-60.8,-63.4,-56.2,-46.4,-64.6,-75,-57,-77.8,-50.4,-56.2,-69.2,-61,-78.2,-63.8,-56.2,-46.4,-64.2,-75.2,-56.8,-77.2,-50.4,-56,-50.2,-67,-53.2,-68.25,-77.75,-61.8,21.18,14.2
204,-65,-68,-65.8,-66.6,-55.8,-45,-66.6,-74.8,-54.8,-77.8,-47,-62.2,-68.4,-65.2,-75,-67.2,-55.8,-43.6,-66.8,-75.2,-54.8,-79,-47.6,-63.2,-47.6,-71.6,-50.2,-65,-73,-68.4,21.18,14.8
205,-73.6,-76,-62.8,-68.2,-55.6,-44.2,-65.8,-73.2,-53.4,-78.2,-50.8,-66.2,-74.8,-63.2,-76.8,-68.4,-55.6,-44,-65.6,-70,-53.2,-78,-50.8,-66.2,-51,-68.6,-52,-64.6,-79,-64.8,21.18,15.4
206,-79.2,-81,-61.6,-66,-49.8,-44.4,-66,-67.2,-54.6,-74.4,-60.4,-59.8,-79.4,-62,-77.8,-65.8,-49.8,-44.2,-66,-68.2,-54.4,-75.2,-60.4,-59.6,-52,-70.8,-49,-71.6,-77.6,-70.4,21.18,16
207,-74.5,-73,-62,-66.2,-48.4,-44.6,-63.2,-62.8,-55.8,-75.2,-57.8,-58.4,-73,-62.2,-75.6,-66.6,-48.4,-45.4,-63.2,-64.2,-55.4,-76,-57.6,-58.8,-54.8,-64.6,-46.4,-75,-72.6,-68.2,21.18,16.6
208,-67.8,-73.8,-63,-71.6,-46.6,-48.8,-63.6,-58.8,-59.8,-76,-63.4,-65.6,-74.2,-64.4,-73,-70.4,-46.6,-52,-63.8,-58.6,-59.8,-77.4,-63.6,-65.6,-60.2,-65.66666667,-52.6,-68,-74.6,-68.4,21.18,17.2
209,-76.6,-74.6,-61.8,-63,-48.8,-45.2,-55.6,-60.8,-59,-77,-58.4,-58,-74,-61.6,-72.2,-62.8,-48.6,-44.4,-55.2,-61,-60,-77,-59,-57.6,-53,-62,-41.2,-70,-69.8,-66.8,21.18,17.8
210,-75.4,-76.2,-63.4,-62.4,-46.2,-42,-63.4,-67.4,-59.6,-75.4,-62.2,-62.8,-75.8,-63.2,-78.6,-62.4,-46.2,-42.2,-63.4,-66,-60,-75.6,-62.4,-63,-53.2,-64.8,-43.2,-71,-69.4,-68.2,21.18,18.4
211,-78.4,-73.8,-68.6,-68.4,-60.8,-47.8,-65,-80.8,-66.4,-76,-63.4,-58.8,-73.8,-68.8,-77.4,-67.6,-60.8,-48.2,-64.6,-81.2,-66,-79,-63.4,-58.6,-51.6,-68.4,-52.4,-70.4,-78.6,-65.2,21.18,11.8
212,-69.8,-77.8,-62,-65.8,-51.2,-42,-56,-67.8,-62.6,-76.2,-67,-57.4,-75.6,-60.6,-70,-65.8,-51,-42,-55.8,-67.2,-62.4,-71.2,-67.4,-57.4,-60,-64.2,-41.8,-66,-76.6,-65.8,21.18,19
213,-86,-81.8,-62.4,-65,-50.8,-42.2,-63.2,-67.4,-61.2,-80,-65.6,-57.6,-81.2,-62.4,-71.8,-65.2,-50.8,-42,-63.4,-67.6,-61,-73.6,-65,-57.6,-60,-61.6,-35,-65.8,-79.5,-66.4,21.18,19.6
214,-82.66666667,-86,-64.6,-62.6,-51.6,-44.2,-66.6,-68.4,-63.6,-77.8,-64.4,-63.8,-86,-63.8,-72.4,-62.8,-51.6,-44.2,-66.4,-68.4,-61.8,-79,-65,-63.6,-55.4,-57.8,-32.8,-65,-75,-60,21.18,20.2
215,-81,-84.4,-65,-64.6,-54.8,-49.4,-62.8,-66.6,-62,-78.4,-63.2,-61.2,-84,-65.8,-78.2,-64.6,-54.8,-49.4,-63,-67.6,-61.6,-78,-63.8,-61.2,-57.6,-59.2,-38,-72,-74,-61.6,21.18,20.8
216,-80,-76,-68.6,-49.2,-50.6,-44.8,-55.8,-62.4,-67.4,-76.6,-65.6,-61,-78,-69,-77.2,-49,-50.6,-43.8,-55.8,-62.6,-68.8,-77.2,-65.2,-61.2,-65,-64.8,-49,-74.6,-65.2,-57.2,14.58,21.4
217,-72,-73.2,-61,-63.2,-53.6,-43.4,-62.2,-72.8,-69.4,-70.6,-48,-54.8,-72,-61,-70.6,-63.2,-53.4,-43,-61.6,-72.6,-70.2,-70,-47.8,-54.6,-57,-73.2,-50.25,-75.4,-90,-60.6,14.58,12.4
218,-76,-80.8,-66.8,-69.2,-54.4,-45.4,-60,-73.8,-64.2,-75.2,-66,-60.2,-81.8,-66.8,-74.4,-69.2,-54.4,-47.8,-60,-73.8,-63.8,-76.4,-65.4,-60.4,-65.8,-65.6,-44.4,-67.25,-72.4,-55.4,14.58,11.2
219,-74.6,-67.2,-63,-59.6,-53.2,-40.4,-67.2,-70.8,-64.8,-68.4,-51.8,-57.2,-68,-63.2,-66.4,-59.8,-53.2,-41.2,-68,-70.4,-65,-68,-52,-57,-55.8,-73,-52.8,-73.4,-90,-63.2,14.58,13
220,-74.5,-71.2,-61.8,-62,-54,-37.2,-61.6,-70.2,-64.2,-74.2,-53.8,-54.4,-71.4,-62.2,-69.4,-61.8,-54,-38,-61.8,-71.2,-64.4,-71.6,-54,-54.6,-56.4,-72.8,-49.6,-67.4,-74.25,-66.4,14.58,13.6
221,-73,-73,-62,-59.2,-54.4,-37.6,-61,-69,-64.6,-69,-58.2,-55.8,-72.2,-62.2,-74.2,-59.2,-54.6,-37.6,-61.2,-69.8,-64.4,-69.6,-58.6,-55.2,-59,-64.4,-48.6,-68.8,-71,-61.8,14.58,14.2
222,-71.25,-73.8,-64.2,-60.6,-53,-40.2,-61.2,-69.4,-63.6,-70.6,-63.8,-56.8,-73.4,-63.2,-75.6,-60,-52.8,-40.2,-61.2,-70.8,-63.8,-70.4,-63.8,-56.4,-62,-67.8,-54.6,-68.4,-71,-65.4,14.58,14.8
223,-69.4,-75,-66.6,-58,-55,-40.4,-59.8,-67.6,-61.4,-70.6,-61.4,-60.4,-72.2,-66.4,-75.2,-58.2,-54.8,-41.2,-60,-67.8,-62.2,-70.6,-61.6,-60.4,-61,-64.6,-49.6,-66.8,-74,-63,14.58,15.4
224,-74.2,-68,-65,-63.4,-53.4,-43.8,-61.8,-66.8,-64.6,-70.2,-63.4,-61.4,-67,-65.6,-70.4,-63.2,-53.4,-42,-62.8,-68.6,-64.2,-70.2,-63.6,-61.6,-58.6,-69,-47.6,-67.4,-77.6,-62.2,14.58,16
225,-76,-76,-65.6,-62,-56.2,-42.4,-61.8,-73,-63.8,-73,-63.2,-64.4,-67,-65.6,-73.8,-61.4,-56.2,-41.8,-61.4,-73.4,-64.2,-73.2,-63.2,-64.2,-62.2,-64.4,-49,-69.8,-77.33333333,-64.6,14.58,16.6
226,-73.75,-73.8,-61.8,-57.6,-56.6,-44,-56.2,-70.6,-63.6,-71,-63.4,-57,-77,-61.8,-78,-57.6,-57,-43.8,-56.2,-70.4,-64,-71.2,-63.8,-57.2,-61.6,-64.2,-48.8,-74.6,-75,-60.8,14.58,17.2
227,-71.4,-73.4,-61.2,-58.2,-53.4,-41.6,-59,-69,-64,-68.4,-62,-55,-74.6,-62,-79.6,-58.6,-53.4,-42.6,-59,-69.4,-65,-67.8,-62.8,-54.4,-62.6,-63.6,-49.6,-73.8,-75,-64,14.58,17.8
228,-71,-74,-66.6,-61,-55.2,-43.8,-57.6,-73.8,-63.8,-69.8,-62.2,-53.8,-73,-66.2,-80.2,-61.4,-55.4,-44.4,-57.6,-72.6,-63.2,-69.8,-62.4,-53.4,-62.8,-60.4,-43.6,-76,-72,-58.2,14.58,18.4
229,-78.5,-76.4,-63.4,-68.4,-51.2,-43.4,-60.8,-74.4,-65.2,-72.4,-55.8,-58.2,-80.8,-63.8,-71.6,-69.6,-51.2,-43.6,-61.2,-73.6,-65.2,-72.4,-55.8,-58.8,-56.8,-66,-46.8,-68,-73,-55.8,14.58,11.8
230,-73,-74,-64.2,-55.6,-53.4,-43.2,-56.4,-69,-67.8,-70,-60.2,-56.4,-73,-64.6,-80.8,-55.6,-53.2,-45.4,-56.6,-69.8,-67.6,-69.8,-60,-56,-61.5,-64.4,-47.8,-75.2,-68.2,-61,14.58,19
231,-71.4,-74,-64.6,-54.4,-49.8,-43.8,-58,-64.4,-65.4,-73.6,-66.8,-58.2,-73,-64.8,-80,-54.4,-49.6,-43.2,-57.8,-65,-65.8,-73.2,-66.8,-57.8,-63.5,-66.2,-42.8,-73,-70,-60.6,14.58,19.6
232,-71.66666667,-74,-66.6,-55.8,-50.8,-45.4,-60.6,-57.4,-65.4,-74,-60.8,-59.6,-74,-66.6,-81,-56,-50.8,-45.4,-61,-57.8,-65.4,-73,-60.4,-60,-61.8,-60.6,-43,-70,-66.6,-64.4,14.58,20.2
233,-73,-76,-68.2,-52.2,-55,-46.6,-55,-62.4,-65.2,-74,-64.8,-60,-78,-66.8,-80.6,-52,-55,-43,-55,-62.6,-65,-74.6,-64.8,-60.2,-61,-63.6,-46.2,-77.5,-63.2,-62.8,14.58,20.8
