,00:0f:e2:a1:96:60,06:14:4b:65:38:a6,06:1b:b1:20:a4:35,06:1b:b1:22:36:17,06:1b:b1:22:3b:72,06:1b:b1:22:3b:7a,06:1b:b1:22:3f:ca,06:1b:b1:22:43:2d,06:1b:b1:22:43:54,06:1b:b1:22:43:65,06:1b:b1:22:43:e6,06:1b:b1:22:44:a9,0e:14:4b:65:38:a6,0e:1b:b1:20:a4:35,0e:1b:b1:22:34:2a,0e:1b:b1:22:36:17,0e:1b:b1:22:3b:72,0e:1b:b1:22:3b:7a,0e:1b:b1:22:3f:ca,0e:1b:b1:22:43:2d,0e:1b:b1:22:43:54,0e:1b:b1:22:43:65,0e:1b:b1:22:43:e6,0e:1b:b1:22:44:a9,14:e6:e4:38:16:8c,14:e6:e4:70:1c:60,14:e6:e4:70:ad:a2,20:dc:e6:bc:7e:8c,38:83:45:69:eb:a8,8c:21:0a:37:50:7a,xLabel,yLabel,locaLabel,RoomLabel
0,-81.0,-76.0,-66.4,-47.6,-53.4,-44.6,-53.8,-65.2,-67.6,-78.2,-69.0,-59.6,-78.0,-68.0,-75.8,-47.6,-53.4,-43.2,-53.8,-65.8,-67.8,-76.2,-69.8,-59.6,-67.8,-55.2,-47.0,-74.8,-70.2,-62.0,15.18,21.4,317.0,10.0
1,-73.6,-68.2,-61.8,-64.2,-52.6,-40.0,-64.0,-75.8,-66.4,-70.0,-48.0,-59.4,-68.2,-61.6,-70.8,-65.2,-52.6,-39.6,-63.8,-75.8,-65.4,-70.2,-48.0,-58.4,-55.8,-66.4,-49.4,-69.2,-78.0,-62.0,15.18,12.4,332.0,10.0
2,-74.0,-75.4,-66.4,-66.0,-52.0,-40.2,-60.0,-73.8,-69.6,-72.4,-60.2,-58.4,-77.2,-66.2,-79.4,-66.6,-51.6,-40.0,-60.0,-73.4,-69.2,-72.4,-60.2,-59.0,-61.2,-66.2,-47.6,-65.6,-73.0,-54.2,15.18,11.2,334.0,10.0
3,-73.6,-70.0,-61.4,-61.0,-55.8,-40.6,-64.0,-72.6,-61.0,-67.8,-50.4,-60.6,-70.0,-61.2,-70.6,-61.2,-55.6,-39.4,-63.8,-72.4,-61.0,-69.4,-50.2,-60.8,-62.4,-66.0,-51.0,-75.6,-77.5,-67.2,15.18,13.0,331.0,10.0
4,-73.0,-71.6,-60.0,-63.6,-54.2,-37.4,-57.4,-69.0,-59.8,-70.2,-55.2,-62.0,-69.2,-60.4,-72.0,-63.2,-54.2,-37.6,-57.4,-68.2,-60.0,-70.2,-55.2,-61.6,-56.6,-64.0,-52.0,-73.4,-90.0,-66.8,15.18,13.6,330.0,10.0
5,-72.2,-71.8,-61.2,-60.2,-55.8,-38.4,-59.8,-67.8,-62.6,-69.8,-56.0,-61.8,-71.8,-60.8,-73.8,-60.0,-55.6,-39.4,-59.6,-68.8,-63.6,-69.8,-56.0,-61.4,-58.4,-67.8,-47.4,-71.2,-77.0,-59.6,15.18,14.2,329.0,10.0
6,-71.33333333333333,-73.4,-62.0,-61.0,-52.6,-40.6,-62.8,-70.8,-64.0,-70.8,-57.8,-61.8,-74.2,-61.0,-75.0,-61.6,-52.4,-40.2,-62.6,-71.4,-63.8,-71.6,-57.6,-62.0,-60.2,-66.8,-49.0,-72.6,-75.4,-61.0,15.18,14.8,328.0,10.0
7,-70.8,-81.0,-60.4,-61.6,-53.2,-39.8,-62.8,-71.0,-60.6,-72.0,-57.0,-61.4,-76.0,-60.4,-70.4,-61.6,-52.4,-40.6,-62.6,-72.8,-60.2,-73.0,-57.0,-61.8,-57.6,-67.4,-46.6,-73.0,-76.33333333333333,-60.4,15.18,15.4,327.0,10.0
8,-72.66666666666667,-72.0,-63.8,-56.8,-53.6,-40.2,-67.2,-72.0,-61.4,-67.6,-60.8,-59.8,-81.0,-65.0,-70.0,-57.2,-53.0,-42.0,-66.6,-72.6,-61.4,-67.6,-61.0,-60.2,-59.4,-64.2,-50.8,-74.8,-77.0,-61.4,15.18,16.0,326.0,10.0
9,-70.0,-72.0,-61.6,-58.4,-52.2,-43.4,-60.4,-73.0,-64.6,-69.2,-67.4,-54.8,-80.0,-62.0,-74.0,-58.2,-52.4,-43.0,-60.4,-72.6,-65.4,-69.8,-67.6,-54.8,-59.0,-65.4,-51.2,-75.0,-71.66666666666667,-65.0,15.18,16.6,325.0,10.0
10,-74.2,-73.8,-62.0,-61.2,-52.8,-40.2,-57.6,-69.0,-63.2,-73.8,-63.8,-52.0,-75.2,-62.0,-73.6,-61.0,-53.0,-40.4,-57.6,-69.2,-62.8,-73.8,-63.6,-52.0,-60.4,-63.4,-52.0,-72.2,-74.0,-62.2,15.18,17.2,324.0,10.0
11,-71.0,-70.9,-65.3,-57.8,-52.1,-42.6,-58.5,-71.0,-63.9,-72.5,-62.2,-58.5,-73.0,-64.2,-76.0,-57.5,-51.9,-39.4,-58.3,-73.6,-63.4,-70.0,-61.7,-58.9,-68.9,-59.8,-48.8,-72.1,-84.8,-65.3,15.18,17.8,323.0,10.0
12,-70.5,-74.0,-63.2,-58.8,-51.6,-41.6,-60.6,-68.4,-63.0,-74.2,-61.8,-59.8,-73.0,-63.2,-79.4,-58.8,-51.6,-41.4,-60.6,-68.6,-63.0,-73.8,-62.2,-60.2,-61.2,-67.6,-46.4,-73.6,-71.8,-60.4,15.18,18.4,322.0,10.0
13,-72.8,-71.8,-61.4,-59.8,-53.2,-41.4,-59.8,-75.6,-69.8,-67.6,-56.0,-56.6,-76.4,-61.4,-77.8,-59.6,-52.6,-41.4,-60.0,-77.6,-69.0,-67.8,-56.2,-56.8,-57.6,-66.0,-47.6,-66.4,-90.0,-56.0,15.18,11.8,333.0,10.0
14,-70.0,-76.2,-66.8,-59.8,-53.6,-46.2,-60.8,-67.0,-69.2,-73.6,-60.8,-56.2,-74.8,-66.4,-78.8,-60.0,-53.8,-47.0,-61.0,-67.6,-69.0,-72.8,-60.8,-56.0,-60.8,-58.6,-50.2,-75.2,-69.8,-61.4,15.18,19.0,321.0,10.0
15,-71.0,-76.0,-68.6,-53.8,-55.2,-46.8,-58.8,-62.0,-67.4,-79.8,-62.4,-56.4,-78.0,-68.2,-80.0,-53.8,-55.2,-47.0,-58.8,-61.8,-67.2,-80.0,-62.8,-56.0,-56.8,-67.8,-46.2,-75.6,-64.4,-69.6,15.18,19.6,320.0,10.0
16,-75.5,-76.0,-66.0,-55.0,-56.2,-45.6,-62.2,-56.4,-64.4,-80.0,-63.0,-60.6,-77.6,-67.2,-78.0,-55.2,-56.2,-45.8,-62.4,-56.2,-64.8,-80.2,-63.0,-60.6,-62.0,-57.8,-50.2,-75.6,-63.4,-60.8,15.18,20.2,319.0,10.0
17,-78.0,-76.0,-67.8,-52.8,-53.0,-47.6,-58.0,-59.8,-66.4,-79.4,-64.0,-59.4,-78.0,-67.0,-77.2,-53.2,-53.0,-46.4,-57.6,-60.2,-66.4,-79.2,-64.4,-59.6,-60.2,-59.8,-49.0,-73.4,-70.5,-63.4,15.18,20.8,318.0,10.0
18,-71.75,-77.0,-63.4,-55.4,-48.6,-41.6,-51.2,-68.2,-62.8,-75.6,-69.4,-61.8,-85.0,-63.8,-78.2,-55.4,-48.6,-40.6,-51.4,-67.6,-62.6,-74.8,-69.2,-60.6,-57.2,-60.2,-43.8,-77.5,-74.2,-64.4,15.78,21.4,352.0,10.0
19,-72.5,-69.2,-60.2,-64.4,-53.9,-39.0,-63.3,-75.1,-63.0,-70.5,-52.8,-58.0,-70.1,-59.9,-73.5,-64.4,-53.4,-39.2,-63.5,-75.9,-63.4,-70.7,-52.9,-57.5,-61.1,-71.4,-47.7,-69.8,-78.66666666666667,-66.4,15.78,12.4,337.0,10.0
20,-72.5,-78.4,-63.6,-70.4,-56.2,-40.6,-61.8,-76.0,-67.6,-74.8,-66.0,-62.8,-77.2,-65.2,-76.0,-70.2,-56.4,-40.8,-61.4,-76.0,-67.4,-74.4,-66.4,-63.4,-56.8,-67.4,-56.8,-69.8,-76.4,-55.8,15.78,11.2,335.0,10.0
21,-70.75,-70.8,-66.6,-65.8,-54.6,-41.8,-60.4,-72.0,-64.4,-69.6,-49.8,-59.4,-72.6,-66.6,-76.6,-66.6,-54.4,-39.6,-60.2,-75.6,-65.8,-69.4,-49.4,-60.0,-59.4,-70.0,-52.8,-72.4,-79.0,-72.0,15.78,13.0,338.0,10.0
22,-72.0,-69.4,-60.2,-60.8,-51.8,-42.0,-55.6,-70.2,-59.4,-69.0,-52.4,-61.4,-69.6,-60.8,-71.8,-60.6,-51.8,-42.0,-55.8,-69.6,-59.6,-69.0,-52.8,-61.8,-60.4,-70.8,-51.8,-70.2,-90.0,-68.4,15.78,13.6,339.0,10.0
23,-70.25,-69.6,-60.0,-62.0,-53.4,-38.8,-60.0,-70.2,-60.2,-68.6,-54.0,-62.2,-69.2,-60.6,-70.4,-62.8,-53.6,-39.4,-60.0,-70.0,-61.2,-68.8,-53.4,-62.0,-59.2,-66.6,-54.6,-71.8,-90.0,-63.8,15.78,14.2,340.0,10.0
24,-72.6,-68.4,-59.8,-62.2,-51.6,-36.8,-62.0,-67.8,-59.2,-69.2,-55.2,-58.8,-69.2,-60.4,-69.6,-62.2,-51.6,-38.2,-62.0,-67.8,-59.4,-69.0,-55.0,-58.8,-61.0,-69.2,-51.0,-71.4,-82.0,-64.4,15.78,14.8,341.0,10.0
25,-71.4,-67.0,-58.4,-59.8,-56.2,-37.8,-62.0,-68.0,-62.4,-66.8,-58.4,-57.2,-67.8,-60.2,-68.6,-59.8,-56.2,-37.6,-62.0,-68.4,-64.0,-67.0,-58.2,-57.0,-60.4,-65.8,-46.6,-73.0,-74.4,-64.8,15.78,15.4,342.0,10.0
26,-71.4,-70.2,-62.2,-60.2,-53.6,-38.2,-62.4,-66.4,-60.4,-69.6,-62.6,-54.4,-71.2,-62.8,-70.2,-60.0,-53.6,-38.2,-62.4,-66.6,-61.0,-69.4,-62.6,-54.6,-60.8,-63.0,-52.6,-71.6,-75.0,-62.0,15.78,16.0,343.0,10.0
27,-70.6,-84.2,-63.4,-59.4,-55.0,-42.8,-64.0,-71.0,-62.6,-77.2,-57.6,-53.4,-79.6,-63.2,-70.0,-59.6,-55.2,-42.4,-64.0,-70.2,-63.0,-76.4,-57.6,-53.2,-57.4,-67.8,-51.2,-70.0,-70.6,-65.0,15.78,16.6,344.0,10.0
28,-68.6,-75.8,-61.0,-57.6,-53.6,-39.6,-58.8,-71.2,-61.8,-71.6,-62.4,-57.0,-75.4,-62.0,-73.4,-57.4,-53.6,-38.6,-59.6,-71.4,-62.4,-72.0,-62.0,-57.2,-57.0,-67.4,-49.0,-67.2,-67.2,-69.2,15.78,17.2,345.0,10.0
29,-69.0,-72.2,-60.6,-58.8,-51.6,-40.0,-60.2,-66.6,-60.8,-73.6,-62.0,-55.8,-71.0,-60.2,-73.4,-59.4,-51.4,-39.4,-60.2,-66.8,-60.6,-72.6,-61.8,-55.6,-61.8,-61.4,-46.0,-72.5,-69.2,-70.4,15.78,17.8,346.0,10.0
30,-72.0,-72.6,-64.4,-59.4,-52.6,-43.8,-61.6,-64.4,-63.2,-73.2,-59.4,-57.2,-72.6,-64.6,-75.0,-59.6,-52.6,-43.6,-61.6,-64.0,-63.2,-73.2,-59.0,-57.0,-61.2,-66.8,-45.0,-75.8,-73.4,-64.2,15.78,18.4,347.0,10.0
31,-71.2,-76.6,-63.8,-71.0,-55.6,-40.4,-62.2,-77.2,-66.6,-70.2,-61.2,-61.6,-76.6,-63.2,-77.0,-70.8,-55.2,-41.2,-62.2,-77.4,-66.2,-70.0,-61.0,-61.4,-52.2,-67.4,-54.4,-64.8,-72.4,-61.0,15.78,11.8,336.0,10.0
32,-68.25,-74.0,-68.4,-60.4,-53.8,-42.4,-60.8,-61.2,-64.6,-77.6,-63.2,-65.2,-69.0,-67.6,-74.6,-60.2,-53.8,-42.4,-61.0,-60.8,-65.6,-76.6,-62.8,-65.4,-58.0,-64.2,-41.6,-79.5,-73.0,-68.4,15.78,19.0,348.0,10.0
33,-75.4,-74.0,-65.8,-59.2,-54.0,-43.2,-58.6,-58.6,-64.2,-74.2,-70.8,-62.0,-80.0,-67.2,-77.0,-59.2,-54.0,-43.6,-58.6,-58.2,-64.4,-74.2,-71.8,-62.0,-57.0,-62.8,-43.4,-74.8,-67.8,-66.2,15.78,19.6,349.0,10.0
34,-73.8,-75.8,-65.4,-54.8,-52.4,-45.0,-59.8,-63.4,-61.4,-71.6,-67.4,-60.2,-77.6,-64.6,-76.4,-54.8,-52.4,-45.4,-59.6,-61.6,-61.8,-71.0,-68.0,-59.8,-60.8,-66.4,-45.0,-73.0,-69.6,-64.6,15.78,20.2,350.0,10.0
35,-74.0,-77.0,-63.6,-55.4,-53.2,-46.8,-54.8,-65.8,-63.4,-74.4,-63.4,-62.4,-81.4,-63.8,-76.0,-55.4,-52.8,-46.4,-55.0,-66.2,-63.0,-74.2,-63.0,-62.2,-58.2,-62.8,-43.0,-81.0,-66.4,-67.2,15.78,20.8,351.0,10.0
36,-74.6,-84.2,-68.6,-54.2,-53.8,-45.8,-51.6,-65.4,-66.4,-79.6,-65.8,-64.0,-84.2,-68.4,-77.0,-54.4,-54.0,-44.2,-51.6,-65.6,-66.6,-77.4,-65.8,-63.6,-62.2,-56.2,-42.4,-73.25,-69.0,-67.0,16.38,21.4,353.0,10.0
37,-66.6,-69.4,-59.6,-68.4,-52.6,-38.6,-60.6,-75.0,-68.6,-70.0,-52.4,-54.0,-68.8,-60.0,-75.8,-69.0,-52.6,-38.8,-60.6,-75.4,-67.8,-70.6,-52.6,-54.2,-53.2,-70.8,-51.4,-67.4,-69.75,-67.2,16.38,12.4,368.0,10.0
38,-73.4,-71.4,-60.4,-69.0,-58.4,-42.8,-62.0,-71.6,-61.8,-69.0,-61.4,-61.2,-70.0,-60.2,-75.0,-69.2,-58.2,-43.4,-62.0,-72.2,-62.2,-69.8,-61.4,-60.8,-53.0,-64.4,-47.6,-67.2,-72.0,-58.0,16.38,11.2,370.0,10.0
39,-71.6,-66.4,-63.0,-63.4,-54.2,-36.2,-62.8,-75.4,-60.2,-67.0,-43.2,-58.8,-66.4,-63.4,-74.6,-63.2,-54.4,-36.4,-63.2,-73.6,-59.8,-66.4,-43.4,-58.6,-54.2,-70.2,-49.8,-73.8,-80.0,-65.2,16.38,13.0,367.0,10.0
40,-72.6,-66.2,-65.4,-64.0,-48.4,-39.6,-57.8,-66.2,-60.0,-69.6,-49.0,-57.2,-66.2,-65.0,-75.2,-64.6,-48.4,-38.6,-58.0,-66.0,-60.0,-68.6,-48.6,-57.0,-62.2,-63.0,-48.2,-68.0,-74.33333333333333,-63.6,16.38,13.6,366.0,10.0
41,-72.8,-67.0,-59.6,-62.8,-51.4,-36.8,-62.6,-67.0,-57.6,-72.4,-55.0,-59.6,-68.8,-61.0,-66.8,-62.8,-51.4,-37.8,-62.4,-66.0,-57.8,-74.2,-55.4,-59.6,-53.2,-68.0,-49.0,-67.6,-73.0,-61.6,16.38,14.2,365.0,10.0
42,-74.4,-67.6,-60.2,-60.2,-52.2,-40.6,-61.8,-67.4,-60.0,-75.6,-55.4,-59.4,-67.6,-60.0,-67.2,-60.4,-52.2,-41.4,-62.4,-66.4,-59.4,-74.8,-55.2,-59.4,-55.0,-68.5,-46.2,-68.6,-77.66666666666667,-60.8,16.38,14.8,364.0,10.0
43,-73.0,-70.8,-59.8,-62.2,-54.0,-41.0,-61.4,-68.6,-56.8,-77.6,-58.2,-60.0,-70.8,-60.2,-70.6,-62.8,-53.6,-39.8,-62.0,-67.2,-56.4,-73.8,-58.0,-60.8,-58.6,-63.8,-48.2,-69.4,-75.8,-61.6,16.38,15.4,363.0,10.0
44,-73.4,-73.8,-61.0,-58.2,-52.4,-38.2,-56.6,-72.2,-58.6,-76.4,-62.0,-57.4,-80.0,-62.4,-75.2,-58.2,-52.2,-38.2,-56.6,-70.8,-58.4,-76.6,-62.0,-58.0,-53.2,-64.8,-45.6,-70.8,-71.66666666666667,-58.4,16.38,16.0,362.0,10.0
45,-73.0,-75.2,-61.2,-63.0,-51.2,-40.4,-59.2,-69.4,-62.6,-73.6,-57.4,-59.2,-75.4,-62.8,-72.6,-63.4,-51.4,-40.6,-59.2,-69.6,-62.6,-74.4,-57.4,-58.8,-61.2,-65.4,-46.0,-71.0,-70.8,-66.6,16.38,16.6,361.0,10.0
46,-73.2,-73.2,-61.4,-65.2,-51.8,-41.8,-54.8,-66.6,-63.4,-74.2,-55.8,-59.4,-70.4,-61.2,-72.4,-65.2,-52.0,-42.2,-54.8,-66.0,-63.4,-73.4,-55.4,-59.2,-60.2,-60.2,-43.6,-68.0,-71.6,-66.4,16.38,17.2,360.0,10.0
47,-73.8,-72.4,-65.2,-59.6,-52.2,-43.0,-57.6,-65.8,-63.0,-74.8,-60.4,-55.0,-71.8,-64.4,-73.6,-59.6,-52.0,-43.0,-57.8,-65.4,-63.2,-74.8,-60.4,-55.0,-55.4,-62.8,-44.6,-72.0,-68.8,-67.2,16.38,17.8,359.0,10.0
48,-74.2,-77.6,-62.8,-54.8,-51.2,-43.0,-62.4,-67.8,-60.4,-74.2,-60.6,-51.8,-78.0,-62.6,-75.0,-55.0,-51.0,-41.6,-62.8,-68.2,-59.4,-73.8,-61.0,-52.0,-63.0,-65.8,-44.2,-72.0,-66.0,-67.2,16.38,18.4,358.0,10.0
49,-69.6,-71.0,-57.6,-71.8,-56.2,-45.0,-60.0,-74.2,-65.2,-66.8,-58.8,-56.0,-70.0,-57.6,-73.8,-70.8,-56.2,-43.2,-60.0,-74.2,-65.2,-66.8,-58.8,-56.2,-56.4,-67.0,-56.6,-66.66666666666667,-77.0,-63.4,16.38,11.8,369.0,10.0
50,-71.6,-76.0,-64.4,-59.2,-52.6,-43.0,-58.2,-61.4,-68.0,-79.0,-61.8,-56.6,-73.6,-65.8,-77.8,-59.0,-52.4,-42.4,-58.2,-61.2,-65.8,-75.0,-62.0,-56.8,-66.8,-66.6,-42.6,-71.8,-65.4,-62.4,16.38,19.0,357.0,10.0
51,-72.75,-78.0,-65.0,-60.0,-49.4,-45.4,-59.2,-56.2,-66.2,-75.2,-64.8,-57.8,-77.8,-64.8,-80.8,-59.6,-49.2,-44.4,-59.2,-56.8,-65.4,-71.0,-65.0,-58.2,-60.2,-62.2,-44.4,-69.2,-64.6,-67.0,16.38,19.6,356.0,10.0
52,-78.4,-84.8,-64.8,-57.4,-55.0,-45.6,-58.4,-66.2,-63.6,-72.0,-67.2,-56.8,-84.6,-65.6,-75.4,-57.6,-54.8,-48.2,-58.2,-65.8,-63.6,-72.0,-67.4,-56.6,-58.8,-61.0,-46.8,-74.0,-67.4,-67.0,16.38,20.2,355.0,10.0
53,-75.6,-81.0,-64.8,-52.4,-52.4,-45.4,-55.8,-69.0,-64.0,-73.2,-68.2,-60.6,-81.0,-65.0,-75.0,-52.6,-52.6,-45.8,-55.8,-69.8,-64.0,-73.0,-68.0,-60.6,-61.4,-67.4,-44.0,-72.0,-67.0,-67.8,16.38,20.8,354.0,10.0
54,-80.0,-84.6,-70.4,-62.2,-58.6,-48.8,-48.2,-65.2,-68.6,-70.4,-68.6,-66.2,-84.6,-70.6,-85.0,-63.2,-58.6,-47.8,-48.4,-65.0,-69.4,-70.2,-67.6,-66.6,-62.2,-59.6,-54.8,-75.0,-62.0,-50.2,13.98,21.4,298.0,10.0
55,-69.0,-84.0,-65.6,-65.6,-52.6,-39.4,-58.2,-70.0,-62.4,-72.2,-49.8,-56.6,-81.0,-65.8,-65.4,-65.6,-52.6,-38.4,-58.6,-70.6,-63.0,-72.2,-49.8,-57.2,-56.2,-65.2,-52.8,-70.6,-74.0,-59.0,13.98,12.4,283.0,10.0
56,-73.0,-78.8,-67.2,-68.4,-53.8,-42.8,-60.6,-75.0,-65.4,-73.6,-69.0,-60.8,-67.0,-67.2,-80.4,-68.6,-53.8,-43.2,-61.2,-74.8,-65.2,-73.6,-69.6,-60.6,-61.6,-72.2,-50.2,-59.66666666666666,-90.0,-58.8,13.98,11.2,281.0,10.0
57,-68.4,-68.6,-61.6,-62.8,-52.4,-39.2,-60.2,-69.4,-60.2,-69.4,-58.6,-56.0,-68.2,-61.6,-71.2,-63.2,-52.2,-39.4,-59.4,-69.6,-59.6,-69.8,-58.8,-56.0,-53.8,-69.0,-45.6,-64.4,-81.0,-66.4,13.98,13.0,284.0,10.0
58,-74.0,-70.0,-62.2,-61.4,-55.8,-36.8,-65.4,-70.0,-63.8,-71.4,-62.2,-56.2,-72.6,-62.2,-77.0,-61.6,-55.8,-36.4,-65.8,-71.4,-63.2,-73.4,-62.0,-56.6,-56.0,-66.4,-42.2,-71.0,-81.0,-62.6,13.98,13.6,285.0,10.0
59,-73.6,-74.2,-63.6,-57.8,-57.6,-40.8,-60.0,-73.0,-61.2,-74.8,-64.6,-60.8,-75.0,-66.6,-73.4,-58.2,-57.6,-38.0,-59.6,-72.8,-62.0,-75.6,-65.0,-60.6,-59.2,-64.6,-40.8,-65.4,-90.0,-62.6,13.98,14.2,286.0,10.0
60,-77.0,-73.4,-68.4,-60.2,-57.8,-39.8,-61.4,-71.0,-62.8,-66.8,-63.4,-60.0,-73.8,-68.2,-76.6,-60.2,-57.8,-40.2,-61.2,-71.2,-62.4,-66.4,-63.6,-59.8,-58.8,-65.5,-45.6,-68.2,-90.0,-61.2,13.98,14.8,287.0,10.0
61,-73.0,-73.4,-63.0,-67.8,-55.0,-42.4,-60.4,-70.8,-61.8,-68.8,-61.6,-57.2,-74.0,-63.8,-77.8,-68.0,-55.0,-42.6,-60.6,-71.8,-62.4,-68.8,-61.4,-57.4,-65.0,-64.4,-45.0,-70.6,-78.0,-64.2,13.98,15.4,288.0,10.0
62,-70.0,-74.0,-61.4,-60.4,-56.6,-43.8,-64.4,-68.8,-61.4,-71.4,-62.2,-63.8,-74.0,-61.4,-76.4,-60.4,-56.6,-44.8,-64.4,-68.6,-61.0,-71.4,-62.6,-63.4,-57.6,-72.0,-45.6,-70.0,-71.0,-61.6,13.98,16.0,289.0,10.0
63,-69.8,-84.0,-65.4,-61.8,-54.4,-42.4,-61.0,-71.6,-62.8,-70.4,-60.8,-61.2,-80.2,-65.2,-76.8,-61.8,-54.4,-42.4,-61.0,-72.6,-64.8,-70.4,-61.0,-61.6,-62.4,-68.0,-47.6,-70.6,-70.0,-67.0,13.98,16.6,290.0,10.0
64,-71.5,-80.8,-64.6,-59.6,-52.2,-42.6,-57.0,-71.0,-65.6,-68.2,-61.2,-59.8,-79.0,-65.4,-78.4,-59.8,-52.2,-41.8,-57.2,-72.4,-66.2,-68.4,-61.6,-59.6,-58.8,-62.2,-44.8,-71.0,-72.0,-70.0,13.98,17.2,291.0,10.0
65,-75.6,-80.0,-61.6,-60.4,-53.4,-41.4,-62.4,-68.4,-62.0,-72.2,-60.4,-59.0,-78.0,-61.8,-77.2,-60.6,-53.4,-42.6,-63.0,-69.4,-64.8,-72.0,-60.8,-59.2,-58.2,-60.6,-43.0,-75.6,-72.0,-61.2,13.98,17.8,292.0,10.0
66,-76.0,-77.6,-62.2,-54.4,-52.0,-43.6,-59.6,-69.2,-65.0,-77.6,-62.2,-62.8,-79.2,-61.6,-77.4,-54.4,-51.8,-44.4,-60.0,-69.8,-65.4,-77.4,-61.8,-62.8,-56.0,-65.0,-40.0,-72.0,-73.0,-61.6,13.98,18.4,293.0,10.0
67,-72.0,-86.0,-61.4,-68.6,-54.4,-39.2,-58.6,-73.6,-63.8,-75.2,-55.4,-59.2,-86.0,-61.2,-74.2,-67.8,-54.2,-39.4,-58.8,-74.0,-64.0,-74.8,-55.2,-59.6,-58.2,-71.6,-47.2,-68.0,-74.0,-66.2,13.98,11.8,282.0,10.0
68,-71.8,-81.2,-63.6,-50.6,-52.0,-43.6,-59.8,-72.6,-68.4,-75.0,-60.4,-56.8,-80.6,-65.8,-79.6,-50.6,-52.0,-44.0,-59.6,-72.4,-67.8,-75.6,-60.6,-56.4,-60.0,-62.8,-44.4,-70.4,-73.0,-63.4,13.98,19.0,294.0,10.0
69,-69.8,-78.0,-65.6,-54.6,-48.2,-45.6,-56.2,-71.0,-65.0,-71.0,-64.8,-58.2,-79.6,-64.4,-78.0,-54.8,-48.0,-45.2,-56.2,-70.8,-64.6,-70.6,-64.8,-58.6,-63.0,-67.2,-45.0,-69.2,-73.8,-69.0,13.98,19.6,295.0,10.0
70,-72.0,-78.0,-64.8,-55.6,-50.0,-45.2,-62.8,-66.8,-66.4,-68.6,-65.8,-56.0,-76.8,-64.0,-78.0,-55.6,-49.8,-45.4,-63.0,-66.2,-66.2,-68.2,-66.0,-56.2,-58.2,-61.4,-44.4,-77.0,-71.4,-67.4,13.98,20.2,296.0,10.0
71,-74.0,-79.4,-69.2,-50.8,-52.4,-51.2,-50.8,-58.6,-69.2,-68.4,-69.8,-58.8,-80.0,-69.2,-81.8,-51.0,-52.2,-49.8,-50.8,-58.8,-69.2,-68.2,-70.0,-59.0,-68.6,-62.6,-52.0,-76.2,-60.6,-58.6,13.98,20.8,297.0,10.0
72,-77.0,-84.0,-65.2,-58.8,-52.8,-43.8,-59.2,-65.4,-65.4,-69.4,-62.2,-58.4,-86.6,-65.2,-81.0,-59.2,-52.6,-46.2,-59.2,-65.4,-65.6,-69.8,-62.0,-58.4,-60.6,-58.0,-39.6,-67.2,-67.4,-62.2,16.95,21.4,388.0,10.0
73,-72.8,-70.0,-60.4,-72.4,-58.4,-41.2,-63.0,-72.0,-57.4,-70.0,-55.8,-55.2,-71.0,-61.0,-70.0,-72.2,-58.0,-40.4,-63.2,-71.8,-57.2,-72.0,-56.0,-55.0,-63.2,-67.4,-48.2,-70.33333333333333,-78.0,-63.8,16.95,12.4,373.0,10.0
74,-75.5,-73.0,-60.0,-65.4,-57.2,-48.8,-61.0,-70.6,-62.0,-70.2,-62.6,-58.4,-73.0,-60.0,-75.4,-65.4,-57.2,-49.2,-61.0,-71.2,-61.4,-72.6,-62.6,-58.6,-46.8,-65.2,-49.8,-70.0,-76.4,-61.6,16.95,11.2,371.0,10.0
75,-68.2,-66.8,-62.4,-68.2,-58.0,-43.0,-64.2,-71.6,-62.6,-72.2,-45.4,-56.2,-67.8,-62.6,-73.0,-70.2,-57.8,-42.4,-64.2,-70.6,-61.2,-73.6,-45.8,-56.2,-60.2,-70.0,-54.6,-69.0,-77.5,-66.0,16.95,13.0,374.0,10.0
76,-72.8,-67.4,-60.0,-65.0,-54.8,-39.8,-60.8,-77.6,-57.4,-72.4,-44.6,-56.0,-67.2,-60.2,-75.0,-65.0,-54.8,-39.4,-61.2,-71.2,-57.8,-73.4,-44.6,-56.2,-58.8,-67.5,-55.4,-76.2,-76.8,-67.6,16.95,13.6,375.0,10.0
77,-71.8,-69.0,-59.6,-67.6,-50.2,-38.2,-61.2,-70.4,-55.2,-74.0,-48.8,-54.8,-69.2,-59.2,-75.0,-68.0,-49.8,-38.8,-61.0,-70.6,-55.6,-74.0,-48.6,-54.6,-59.4,-64.8,-53.0,-70.75,-75.4,-70.6,16.95,14.2,376.0,10.0
78,-74.6,-69.0,-57.8,-65.0,-50.8,-37.8,-61.6,-66.6,-59.4,-79.4,-55.8,-56.0,-71.6,-56.6,-67.8,-65.8,-50.6,-37.6,-61.4,-67.6,-59.8,-79.6,-56.0,-56.0,-58.0,-62.33333333333334,-57.6,-75.4,-76.8,-62.8,16.95,14.8,377.0,10.0
79,-72.66666666666667,-68.4,-57.0,-65.0,-54.0,-36.8,-61.4,-67.0,-57.4,-74.2,-59.8,-54.2,-69.6,-57.0,-69.4,-65.4,-54.2,-37.0,-61.4,-66.8,-57.6,-74.4,-60.2,-54.4,-53.6,-61.6,-54.0,-73.4,-78.5,-67.2,16.95,15.4,378.0,10.0
80,-74.4,-67.0,-63.6,-66.4,-50.8,-37.6,-61.4,-67.0,-58.2,-78.6,-57.0,-61.2,-72.0,-64.0,-69.8,-66.6,-50.4,-37.6,-61.2,-66.2,-57.8,-76.8,-57.0,-61.8,-53.8,-64.4,-44.6,-73.4,-81.0,-58.2,16.95,16.0,379.0,10.0
81,-74.2,-74.6,-63.8,-62.2,-50.2,-40.2,-59.8,-66.4,-62.6,-80.0,-61.0,-59.6,-76.4,-64.2,-68.0,-62.0,-50.4,-40.2,-59.6,-66.0,-61.6,-75.8,-61.0,-59.4,-57.8,-63.8,-47.0,-75.66666666666667,-73.2,-62.0,16.95,16.6,380.0,10.0
82,-70.6,-71.6,-61.6,-65.0,-50.4,-41.8,-57.4,-70.8,-62.6,-75.2,-57.4,-57.0,-72.2,-61.8,-70.0,-64.6,-50.4,-41.0,-57.6,-71.4,-63.0,-74.2,-57.4,-57.2,-59.2,-63.6,-43.0,-70.0,-72.0,-69.0,16.95,17.2,381.0,10.0
83,-78.4,-70.6,-61.2,-66.2,-51.2,-44.0,-61.0,-67.8,-61.2,-73.4,-60.8,-54.4,-71.8,-61.4,-73.6,-65.6,-51.0,-44.0,-61.2,-66.4,-61.6,-74.6,-60.6,-54.2,-56.6,-65.2,-43.4,-72.0,-74.8,-62.2,16.95,17.8,382.0,10.0
84,-70.6,-70.0,-62.8,-61.6,-48.6,-40.0,-58.2,-66.8,-60.4,-70.4,-64.0,-54.6,-72.4,-63.4,-74.4,-61.8,-48.4,-42.2,-58.6,-66.6,-60.2,-70.6,-64.4,-54.6,-58.6,-62.4,-41.8,-73.6,-75.0,-62.8,16.95,18.4,383.0,10.0
85,-74.4,-73.0,-62.6,-67.8,-54.6,-42.2,-62.0,-77.0,-62.2,-70.6,-61.2,-58.2,-73.0,-63.0,-71.4,-67.6,-54.6,-42.6,-62.0,-76.8,-62.2,-69.2,-61.0,-58.6,-50.8,-65.8,-51.8,-69.6,-72.0,-59.0,16.95,11.8,372.0,10.0
86,-70.0,-73.0,-63.4,-59.0,-49.0,-44.0,-58.0,-59.2,-61.6,-67.8,-65.4,-65.2,-75.8,-63.4,-75.0,-59.2,-48.8,-43.0,-58.0,-59.0,-61.0,-68.0,-65.8,-65.4,-57.0,-61.2,-41.8,-75.0,-71.0,-66.4,16.95,19.0,384.0,10.0
87,-74.0,-75.0,-63.2,-58.2,-53.8,-42.8,-56.0,-57.8,-61.8,-68.0,-63.6,-61.4,-74.0,-62.8,-74.6,-58.4,-53.8,-42.4,-57.4,-57.8,-62.6,-67.6,-63.6,-61.4,-55.4,-65.8,-48.6,-71.0,-66.6,-59.6,16.95,19.6,385.0,10.0
88,-78.0,-81.0,-63.6,-57.8,-52.2,-43.4,-59.4,-65.0,-61.0,-67.2,-63.4,-56.2,-78.6,-63.4,-75.0,-57.8,-52.0,-44.6,-59.2,-64.8,-61.0,-67.6,-63.4,-56.4,-59.0,-66.4,-42.0,-70.2,-65.75,-63.6,16.95,20.2,386.0,10.0
89,-73.33333333333333,-84.0,-66.4,-55.4,-51.0,-44.0,-65.2,-63.4,-62.6,-69.8,-65.8,-59.8,-81.0,-65.8,-77.4,-55.0,-51.0,-43.6,-65.2,-63.6,-60.6,-70.0,-66.0,-60.0,-63.4,-65.6,-41.4,-72.2,-68.2,-63.8,16.95,20.8,387.0,10.0
90,-77.5,-86.2,-62.6,-58.6,-50.4,-43.2,-60.6,-68.0,-64.2,-73.4,-63.4,-55.2,-85.6,-62.8,-76.2,-58.6,-50.4,-53.0,-60.6,-67.6,-63.8,-73.2,-63.0,-55.2,-64.0,-62.0,-38.4,-73.75,-71.0,-65.6,17.58,21.4,1.0,10.0
91,-68.6,-72.4,-61.6,-67.0,-54.8,-37.8,-64.0,-71.6,-58.2,-73.8,-54.8,-59.0,-71.6,-61.4,-75.0,-66.8,-55.2,-38.8,-64.2,-69.6,-58.6,-73.6,-54.8,-59.2,-56.8,-66.4,-51.2,-72.2,-72.0,-66.8,17.58,12.4,16.0,10.0
92,-73.0,-80.4,-62.2,-67.8,-57.6,-43.4,-60.4,-76.0,-64.6,-70.8,-65.4,-55.8,-81.0,-62.8,-80.2,-68.4,-57.8,-43.0,-60.6,-70.0,-64.4,-71.0,-64.8,-56.0,-53.6,-63.0,-45.6,-67.6,-70.0,-61.6,17.58,11.2,18.0,10.0
93,-69.4,-64.2,-61.0,-68.2,-55.6,-37.6,-64.6,-69.4,-57.4,-72.0,-46.8,-55.6,-65.4,-62.6,-76.8,-69.8,-55.6,-38.4,-65.0,-71.2,-57.6,-71.8,-46.6,-56.2,-58.8,-68.0,-57.6,-70.0,-75.5,-69.2,17.58,13.0,15.0,10.0
94,-70.8,-67.8,-60.4,-64.2,-50.0,-37.0,-59.0,-71.2,-56.2,-68.2,-44.6,-53.8,-70.2,-63.2,-70.4,-64.0,-49.8,-36.8,-59.0,-72.8,-57.0,-68.4,-44.6,-53.4,-59.6,-63.8,-51.6,-66.0,-78.0,-65.4,17.58,13.6,14.0,10.0
95,-69.0,-70.6,-61.6,-63.4,-50.2,-38.0,-62.8,-69.2,-53.2,-68.2,-50.2,-59.2,-71.4,-62.0,-69.6,-63.6,-50.2,-37.6,-63.4,-68.0,-53.6,-69.4,-50.0,-58.8,-59.6,-63.4,-49.2,-68.4,-79.5,-65.0,17.58,14.2,13.0,10.0
96,-70.6,-69.6,-58.4,-62.2,-51.6,-38.8,-61.2,-65.4,-57.6,-71.4,-51.2,-57.8,-69.8,-58.8,-68.4,-63.4,-51.4,-39.0,-61.6,-65.2,-57.4,-72.2,-51.0,-57.8,-60.8,-70.2,-52.0,-69.4,-78.5,-66.0,17.58,14.8,12.0,10.0
97,-77.0,-69.2,-57.2,-65.2,-51.6,-35.8,-60.6,-67.2,-54.6,-75.4,-57.4,-54.4,-69.2,-57.6,-69.0,-65.2,-51.2,-34.2,-61.0,-67.6,-54.8,-74.2,-57.2,-55.0,-62.2,-70.6,-51.6,-71.6,-79.0,-69.0,17.58,15.4,11.0,10.0
98,-74.6,-73.6,-61.2,-62.6,-50.4,-42.0,-62.6,-67.6,-57.4,-72.4,-56.0,-56.0,-74.4,-64.8,-71.6,-62.4,-50.4,-41.0,-62.6,-66.8,-57.8,-73.0,-56.4,-56.0,-60.6,-69.8,-45.4,-78.8,-76.2,-57.4,17.58,16.0,10.0,10.0
99,-71.8,-74.8,-62.6,-60.8,-50.2,-41.0,-59.6,-65.6,-62.8,-74.2,-57.0,-58.0,-75.0,-62.8,-72.4,-61.8,-50.2,-40.0,-59.6,-66.6,-62.4,-76.4,-57.4,-57.6,-56.6,-69.4,-42.6,-77.0,-73.33333333333333,-61.2,17.58,16.6,9.0,10.0
100,-73.4,-71.4,-60.8,-60.6,-50.2,-42.2,-54.0,-65.8,-61.0,-72.0,-55.4,-56.2,-71.0,-61.8,-76.4,-61.0,-50.0,-39.6,-54.0,-65.4,-61.6,-71.4,-55.6,-56.6,-62.6,-66.8,-40.2,-76.0,-72.25,-65.0,17.58,17.2,8.0,10.0
101,-67.6,-73.0,-60.6,-60.6,-50.0,-39.0,-56.8,-66.4,-58.6,-68.8,-59.8,-61.2,-71.0,-62.8,-77.0,-60.2,-50.0,-40.0,-56.6,-66.8,-58.8,-68.8,-60.0,-61.4,-59.2,-61.2,-42.6,-77.0,-72.0,-62.2,17.58,17.8,7.0,10.0
102,-73.8,-79.4,-62.6,-62.4,-51.8,-41.8,-56.8,-59.8,-60.6,-71.8,-63.8,-63.2,-77.8,-63.8,-76.6,-62.2,-51.8,-41.8,-56.8,-59.4,-60.6,-71.4,-63.4,-64.4,-63.6,-61.8,-38.4,-69.8,-73.6,-62.4,17.58,18.4,6.0,10.0
103,-72.6,-73.6,-62.2,-63.8,-57.2,-42.6,-61.6,-71.8,-62.0,-77.2,-57.0,-55.8,-73.4,-62.0,-71.0,-63.4,-57.2,-41.2,-61.6,-70.0,-61.6,-78.4,-57.2,-56.0,-55.2,-69.4,-49.4,-71.33333333333333,-70.0,-64.6,17.58,11.8,17.0,10.0
104,-82.0,-79.8,-63.8,-58.0,-49.4,-40.6,-59.8,-56.2,-65.4,-74.8,-66.0,-60.8,-78.8,-63.4,-80.2,-58.6,-49.2,-41.0,-59.8,-56.4,-64.2,-75.6,-66.0,-61.2,-58.0,-67.0,-44.0,-74.5,-66.0,-60.0,17.58,19.0,5.0,10.0
105,-82.0,-78.0,-65.8,-59.0,-51.0,-42.4,-61.2,-62.2,-64.0,-74.2,-64.0,-58.8,-77.0,-66.0,-79.0,-58.8,-51.0,-42.0,-61.2,-62.0,-63.4,-73.4,-64.6,-58.6,-59.0,-66.0,-39.4,-76.0,-63.8,-67.2,17.58,19.6,4.0,10.0
106,-77.0,-85.4,-66.6,-61.6,-50.6,-43.8,-58.2,-66.0,-61.6,-78.8,-64.4,-55.6,-84.4,-66.6,-77.4,-61.4,-50.6,-43.8,-58.0,-66.0,-61.4,-78.4,-64.6,-55.4,-59.0,-63.0,-40.8,-69.4,-70.2,-62.0,17.58,20.2,3.0,10.0
107,-77.0,-85.0,-65.6,-60.8,-51.2,-42.4,-58.0,-67.6,-65.0,-74.4,-64.6,-55.8,-84.0,-63.4,-76.2,-60.8,-51.2,-41.8,-58.0,-67.0,-64.8,-74.8,-64.8,-55.8,-57.6,-62.2,-45.0,-70.4,-77.0,-65.8,17.58,20.8,2.0,10.0
108,-75.5,-88.0,-64.2,-57.0,-53.2,-42.2,-54.8,-70.2,-66.4,-75.0,-62.8,-63.2,-86.0,-63.8,-75.8,-57.0,-53.0,-43.4,-55.0,-70.2,-66.0,-71.8,-62.8,-63.2,-63.0,-62.8,-40.0,-76.25,-73.4,-63.6,18.18,21.4,42.0,10.0
109,-68.8,-76.0,-62.0,-62.8,-55.6,-40.4,-64.8,-71.6,-61.6,-76.2,-60.8,-52.0,-73.6,-62.4,-79.4,-63.2,-55.6,-40.6,-64.4,-73.4,-61.8,-77.0,-61.0,-52.4,-51.6,-62.4,-55.6,-65.0,-72.0,-65.0,18.18,12.4,21.0,10.0
110,-76.25,-76.0,-61.8,-69.6,-56.0,-43.2,-61.4,-72.8,-62.8,-71.4,-71.4,-57.6,-73.8,-63.0,-79.6,-69.6,-55.6,-43.6,-61.2,-70.2,-61.8,-72.4,-71.4,-57.8,-50.8,-63.2,-41.8,-67.4,-76.8,-65.0,18.18,11.2,19.0,10.0
111,-70.8,-69.8,-63.0,-62.0,-54.4,-36.8,-64.0,-73.8,-58.6,-77.4,-52.6,-55.6,-70.0,-62.6,-81.4,-61.6,-54.2,-37.8,-64.2,-74.2,-58.6,-77.4,-52.8,-55.6,-58.2,-64.6,-54.0,-69.6,-72.0,-69.6,18.18,13.0,22.0,10.0
112,-71.66666666666667,-70.2,-57.0,-62.0,-51.6,-37.6,-62.8,-72.6,-56.6,-73.8,-45.8,-55.6,-69.0,-57.0,-73.8,-62.4,-51.4,-37.6,-62.8,-79.0,-56.6,-74.4,-45.8,-56.0,-57.0,-61.2,-55.0,-68.0,-90.0,-64.2,18.18,13.6,23.0,10.0
113,-67.6,-67.6,-57.4,-62.4,-51.4,-37.8,-63.8,-73.4,-59.6,-72.8,-47.8,-54.8,-66.8,-57.0,-72.0,-61.8,-51.2,-37.6,-63.6,-74.6,-58.0,-72.6,-48.0,-54.8,-55.0,-63.8,-52.8,-68.0,-83.0,-63.8,18.18,14.2,24.0,10.0
114,-67.0,-75.0,-57.6,-62.8,-51.8,-40.0,-64.2,-66.4,-56.8,-71.8,-49.8,-48.8,-74.0,-57.0,-70.0,-62.8,-51.8,-40.0,-63.4,-65.0,-57.2,-71.4,-49.8,-48.8,-59.0,-64.8,-49.2,-69.0,-80.2,-67.4,18.18,14.8,25.0,10.0
115,-68.0,-72.8,-56.4,-61.0,-50.2,-37.4,-64.4,-64.2,-58.2,-71.2,-53.6,-51.0,-71.8,-56.6,-75.0,-60.8,-50.2,-39.2,-65.2,-66.6,-58.2,-71.2,-53.4,-51.2,-59.4,-65.6,-48.0,-69.33333333333333,-76.2,-64.6,18.18,15.4,26.0,10.0
116,-70.2,-77.0,-59.2,-61.4,-48.0,-37.6,-66.0,-67.6,-56.6,-71.0,-57.0,-55.8,-75.4,-58.8,-73.2,-60.4,-47.8,-38.0,-67.8,-66.4,-56.6,-71.4,-57.0,-55.8,-59.2,-59.6,-45.8,-69.33333333333333,-74.6,-62.0,18.18,16.0,27.0,10.0
117,-71.4,-77.4,-60.2,-64.8,-45.2,-38.0,-69.8,-69.4,-56.6,-73.0,-61.8,-55.4,-73.0,-60.6,-70.0,-64.2,-45.2,-38.0,-70.0,-66.6,-56.6,-73.2,-62.2,-55.4,-61.6,-60.2,-42.6,-74.8,-75.6,-57.2,18.18,16.6,28.0,10.0
118,-70.4,-74.8,-58.2,-60.6,-45.8,-40.2,-58.8,-66.4,-59.8,-69.8,-58.6,-52.8,-73.8,-58.8,-70.0,-60.8,-46.2,-41.8,-60.0,-66.6,-59.6,-69.0,-58.8,-53.2,-60.0,-61.4,-43.4,-75.33333333333333,-76.66666666666667,-61.6,18.18,17.2,29.0,10.0
119,-75.0,-75.4,-59.6,-61.8,-46.2,-41.6,-59.4,-67.0,-57.2,-67.8,-60.2,-56.2,-76.6,-59.8,-73.0,-61.6,-46.2,-41.4,-57.4,-68.4,-57.2,-67.4,-60.6,-56.0,-60.2,-65.2,-39.4,-66.0,-75.0,-63.2,18.18,17.8,30.0,10.0
120,-76.6,-75.0,-59.2,-60.4,-49.8,-43.6,-61.8,-59.0,-58.8,-69.0,-62.0,-52.6,-75.8,-59.0,-76.8,-60.6,-49.6,-43.4,-61.6,-59.6,-59.0,-69.4,-62.0,-52.6,-61.0,-61.6,-42.6,-72.0,-72.8,-63.4,18.18,18.4,31.0,10.0
121,-77.0,-73.8,-62.2,-64.4,-55.6,-41.0,-60.4,-71.0,-62.2,-72.0,-62.6,-52.8,-74.0,-62.4,-78.2,-65.0,-55.6,-42.0,-60.8,-72.6,-62.4,-71.8,-62.4,-53.2,-46.6,-61.4,-54.8,-70.0,-73.25,-62.6,18.18,11.8,20.0,10.0
122,-72.6,-76.8,-59.8,-61.8,-51.0,-45.8,-56.8,-56.8,-62.4,-69.2,-68.0,-57.4,-77.2,-59.8,-75.4,-62.6,-51.0,-46.0,-56.6,-57.2,-61.8,-69.0,-69.8,-57.0,-58.6,-65.2,-41.0,-90.0,-68.8,-59.6,18.18,19.0,32.0,10.0
123,-73.6,-75.4,-60.8,-63.6,-51.8,-43.2,-62.0,-68.4,-61.4,-71.0,-63.2,-58.6,-74.6,-61.0,-75.8,-63.6,-51.8,-42.2,-62.0,-64.4,-61.2,-70.4,-62.8,-58.8,-60.8,-63.4,-39.0,-76.2,-66.5,-58.6,18.18,19.6,33.0,10.0
124,-74.0,-73.0,-64.0,-60.2,-48.6,-41.0,-59.4,-66.4,-64.2,-76.2,-68.8,-59.0,-73.0,-64.6,-73.8,-61.2,-48.6,-41.2,-59.6,-67.2,-65.8,-74.2,-69.0,-59.0,-60.0,-60.0,-33.6,-73.2,-65.6,-57.6,18.18,20.2,34.0,10.0
125,-76.0,-74.2,-65.6,-57.4,-50.6,-42.6,-57.8,-67.6,-69.2,-76.4,-61.6,-61.2,-76.6,-65.0,-72.2,-57.6,-50.6,-41.0,-57.6,-67.8,-68.6,-75.4,-61.6,-61.2,-56.0,-62.0,-35.0,-73.8,-68.4,-63.8,18.18,20.8,35.0,10.0
126,-78.4,-75.0,-63.2,-59.8,-49.4,-42.2,-63.0,-66.8,-61.8,-80.8,-73.8,-65.4,-75.0,-63.2,-76.8,-59.8,-49.4,-46.0,-62.6,-67.2,-60.8,-82.6,-73.8,-65.4,-64.0,-61.2,-36.4,-72.0,-75.0,-71.6,18.78,21.4,43.0,10.0
127,-67.4,-66.0,-59.2,-64.2,-52.8,-41.8,-62.2,-76.0,-61.0,-79.0,-63.4,-55.0,-65.0,-59.4,-71.2,-64.2,-52.8,-42.0,-61.8,-76.2,-61.2,-79.0,-63.8,-55.0,-55.0,-67.2,-43.6,-90.0,-76.0,-61.8,18.78,12.4,58.0,10.0
128,-78.0,-75.8,-62.4,-64.8,-55.0,-42.8,-65.0,-72.0,-63.0,-76.4,-68.4,-58.6,-75.8,-65.2,-72.0,-65.0,-54.8,-43.4,-64.8,-72.2,-63.8,-76.0,-68.6,-59.0,-60.8,-67.0,-45.4,-78.5,-81.0,-56.0,18.78,11.2,60.0,10.0
129,-69.6,-65.6,-62.2,-63.4,-55.4,-36.8,-63.2,-73.6,-60.8,-77.0,-57.2,-54.2,-65.8,-62.6,-80.0,-62.6,-55.4,-36.8,-63.4,-74.4,-61.0,-73.4,-57.4,-54.6,-56.4,-67.4,-49.2,-90.0,-70.0,-65.6,18.78,13.0,57.0,10.0
130,-71.6,-70.4,-64.4,-61.0,-52.2,-38.6,-63.4,-70.8,-58.2,-72.8,-44.6,-53.2,-70.2,-64.2,-81.0,-61.0,-51.8,-38.8,-62.8,-70.0,-57.8,-72.8,-44.6,-53.4,-58.2,-64.0,-48.0,-73.0,-76.8,-66.2,18.78,13.6,56.0,10.0
131,-69.8,-71.0,-64.4,-61.0,-52.4,-35.8,-63.2,-68.8,-61.0,-72.8,-46.2,-54.4,-70.8,-60.8,-81.0,-61.0,-52.2,-36.6,-63.2,-65.6,-61.4,-73.6,-46.0,-54.2,-58.2,-60.6,-47.2,-67.75,-77.0,-67.6,18.78,14.2,55.0,10.0
132,-70.4,-68.4,-61.6,-62.6,-50.8,-35.4,-61.8,-64.4,-56.8,-73.0,-49.8,-57.0,-68.6,-60.4,-77.8,-62.4,-50.8,-38.0,-60.8,-62.0,-56.6,-73.0,-49.6,-57.2,-57.6,-59.4,-48.4,-70.2,-77.0,-61.4,18.78,14.8,54.0,10.0
133,-77.6,-68.6,-58.8,-61.8,-47.8,-36.6,-62.6,-61.2,-55.6,-71.6,-54.4,-54.4,-68.4,-58.8,-70.4,-62.2,-47.6,-37.2,-62.4,-60.6,-55.6,-71.0,-54.8,-54.2,-56.6,-64.8,-44.4,-76.8,-77.0,-66.0,18.78,15.4,53.0,10.0
134,-72.0,-75.0,-61.4,-61.4,-44.2,-36.2,-65.0,-64.4,-55.8,-70.8,-63.4,-50.0,-75.0,-61.4,-68.0,-61.4,-44.0,-36.0,-65.4,-65.0,-56.0,-68.8,-63.2,-50.4,-63.6,-66.0,-45.2,-66.8,-73.25,-68.4,18.78,16.0,52.0,10.0
135,-70.2,-75.0,-61.2,-62.2,-44.2,-40.6,-60.4,-66.0,-59.4,-71.2,-63.8,-55.0,-75.0,-61.4,-69.8,-63.2,-44.2,-40.6,-60.6,-66.6,-60.2,-70.0,-64.0,-55.0,-57.6,-63.0,-43.8,-65.2,-75.0,-65.6,18.78,16.6,51.0,10.0
136,-71.2,-72.4,-60.8,-61.0,-44.6,-40.4,-55.0,-66.6,-61.0,-74.8,-63.4,-55.8,-74.2,-60.8,-77.6,-61.0,-44.4,-40.6,-55.2,-66.4,-61.0,-74.0,-63.0,-55.8,-59.8,-63.8,-45.0,-69.4,-74.0,-66.4,18.78,17.2,50.0,10.0
137,-73.0,-74.0,-61.6,-63.2,-47.2,-41.4,-63.0,-61.2,-57.0,-72.2,-65.4,-55.2,-73.2,-62.6,-76.4,-63.2,-47.0,-41.2,-63.2,-61.2,-57.2,-71.6,-65.8,-55.2,-59.8,-62.0,-42.0,-76.5,-71.75,-65.0,18.78,17.8,49.0,10.0
138,-71.6,-72.0,-63.6,-64.6,-49.0,-40.4,-60.0,-63.6,-61.4,-76.4,-66.8,-55.2,-73.0,-65.2,-72.0,-64.2,-49.0,-40.0,-59.6,-62.8,-61.2,-75.2,-67.6,-55.2,-63.4,-63.4,-32.2,-74.0,-72.4,-65.6,18.78,18.4,48.0,10.0
139,-73.2,-68.4,-56.0,-66.6,-56.4,-43.0,-64.0,-73.6,-62.6,-75.0,-61.2,-54.4,-67.4,-56.4,-72.6,-67.0,-56.4,-42.8,-64.0,-72.8,-62.4,-75.6,-61.4,-54.2,-54.8,-66.0,-54.4,-73.4,-90.0,-62.4,18.78,11.8,59.0,10.0
140,-76.0,-72.2,-62.2,-59.6,-51.2,-43.8,-57.8,-60.4,-58.8,-71.8,-68.0,-55.4,-73.4,-62.2,-72.8,-60.0,-51.2,-44.0,-57.8,-60.6,-60.4,-72.0,-68.2,-55.6,-63.8,-62.8,-33.2,-70.2,-66.4,-61.0,18.78,19.0,47.0,10.0
141,-90.0,-73.4,-60.2,-63.2,-49.2,-42.6,-60.4,-66.8,-54.6,-72.8,-68.4,-57.0,-76.0,-61.4,-76.0,-63.2,-49.0,-42.2,-60.0,-67.0,-54.8,-72.4,-66.8,-57.2,-63.6,-61.0,-33.6,-72.0,-70.2,-67.2,18.78,19.6,46.0,10.0
142,-78.0,-84.8,-62.8,-59.0,-52.0,-39.2,-54.0,-68.8,-60.4,-78.0,-68.0,-57.8,-86.0,-62.4,-76.0,-59.2,-52.0,-39.2,-54.4,-68.4,-60.4,-78.2,-67.6,-58.2,-58.6,-61.0,-33.4,-73.2,-67.6,-63.0,18.78,20.2,45.0,10.0
143,-78.33333333333333,-85.4,-64.8,-58.2,-49.2,-44.6,-66.8,-68.0,-64.0,-77.2,-68.0,-61.6,-83.8,-65.4,-76.0,-58.6,-49.2,-43.6,-66.8,-68.8,-64.8,-77.6,-68.0,-61.2,-63.0,-57.6,-38.8,-72.0,-71.6,-63.6,18.78,20.8,44.0,10.0
144,-78.0,-74.6,-62.8,-55.4,-48.4,-43.2,-57.0,-72.0,-64.2,-75.6,-64.8,-63.4,-79.4,-61.6,-73.0,-56.0,-48.4,-43.0,-57.2,-68.6,-65.4,-79.6,-64.8,-63.2,-65.75,-63.0,-40.4,-73.2,-73.4,-60.8,19.38,21.4,78.0,10.0
145,-69.4,-78.4,-64.8,-62.0,-55.2,-42.8,-65.8,-73.2,-66.6,-72.0,-61.2,-55.2,-76.0,-65.2,-77.2,-62.0,-55.2,-42.8,-66.4,-73.0,-66.8,-74.6,-60.8,-55.2,-57.6,-62.4,-55.0,-72.0,-77.0,-65.4,19.38,12.4,63.0,10.0
146,-77.0,-78.8,-62.2,-67.0,-52.2,-46.8,-68.2,-76.4,-64.2,-80.2,-67.0,-58.6,-75.2,-63.6,-73.6,-67.0,-52.2,-46.8,-68.0,-75.8,-63.2,-76.4,-67.0,-58.0,-47.6,-66.8,-48.6,-81.0,-70.5,-54.0,19.38,11.2,61.0,10.0
147,-72.8,-75.4,-64.2,-62.0,-53.6,-44.8,-63.4,-73.8,-58.6,-75.0,-62.0,-53.8,-74.8,-64.0,-73.6,-61.8,-53.6,-45.2,-63.6,-75.2,-59.2,-75.2,-61.8,-54.0,-49.6,-63.8,-50.0,-72.0,-74.0,-64.2,19.38,13.0,64.0,10.0
148,-71.0,-70.4,-63.2,-66.4,-53.4,-39.2,-66.4,-70.4,-59.8,-71.4,-51.2,-52.4,-70.4,-62.8,-72.2,-66.2,-53.4,-39.6,-66.2,-70.8,-59.6,-71.2,-50.8,-52.8,-54.8,-64.0,-51.0,-68.4,-75.0,-65.8,19.38,13.6,65.0,10.0
149,-68.6,-73.0,-62.2,-67.0,-52.0,-40.2,-66.2,-72.4,-58.0,-69.8,-45.8,-55.6,-72.0,-61.8,-75.0,-66.6,-51.8,-39.8,-66.0,-72.4,-57.4,-69.0,-46.0,-55.6,-55.0,-67.0,-51.2,-75.0,-72.0,-66.4,19.38,14.2,66.0,10.0
150,-73.8,-71.8,-62.4,-65.8,-51.8,-40.6,-64.8,-72.6,-54.6,-72.6,-50.2,-53.0,-71.0,-64.4,-73.6,-65.6,-51.8,-40.4,-64.8,-71.0,-54.6,-70.4,-50.0,-53.0,-58.2,-63.0,-48.2,-78.0,-72.66666666666667,-65.8,19.38,14.8,67.0,10.0
151,-71.6,-70.0,-61.0,-65.0,-48.4,-35.2,-62.2,-70.6,-58.8,-70.2,-53.8,-55.8,-70.4,-60.4,-72.0,-65.2,-48.4,-35.4,-62.0,-68.0,-59.2,-70.2,-53.8,-56.0,-57.0,-62.8,-49.2,-72.0,-78.8,-69.0,19.38,15.4,68.0,10.0
152,-75.4,-69.0,-61.2,-63.2,-46.4,-36.8,-62.8,-65.0,-58.0,-69.2,-54.8,-56.0,-68.0,-61.4,-72.0,-63.2,-46.0,-35.8,-63.0,-66.4,-58.2,-69.6,-54.8,-56.0,-54.6,-67.5,-49.0,-72.0,-77.0,-69.8,19.38,16.0,69.0,10.0
153,-76.2,-71.6,-61.8,-63.6,-46.0,-39.6,-69.6,-67.8,-59.2,-70.0,-57.8,-52.8,-70.8,-62.4,-72.0,-63.8,-45.8,-39.0,-69.0,-67.6,-59.8,-69.8,-58.0,-52.6,-56.6,-65.6,-45.6,-72.5,-73.0,-65.6,19.38,16.6,70.0,10.0
154,-68.8,-82.0,-62.2,-58.4,-46.6,-40.2,-57.4,-62.4,-59.0,-74.4,-61.2,-58.4,-82.0,-62.4,-69.0,-58.0,-46.6,-39.6,-57.0,-62.0,-59.4,-73.4,-61.4,-58.6,-56.4,-63.6,-41.8,-69.6,-77.0,-64.4,19.38,17.2,71.0,10.0
155,-70.33333333333333,-78.0,-61.4,-58.8,-48.0,-41.6,-57.6,-60.8,-56.0,-71.6,-63.4,-55.2,-78.8,-60.6,-71.0,-59.0,-47.6,-40.4,-57.6,-61.2,-56.2,-70.4,-63.8,-55.4,-61.2,-62.8,-41.4,-74.33333333333333,-78.0,-63.8,19.38,17.8,72.0,10.0
156,-73.0,-74.2,-61.0,-59.6,-48.0,-42.2,-63.2,-63.0,-59.0,-70.4,-64.4,-51.6,-76.2,-60.4,-72.6,-59.8,-47.8,-41.2,-63.0,-66.8,-61.2,-71.0,-64.2,-52.2,-60.0,-65.2,-38.2,-74.5,-75.8,-66.0,19.38,18.4,73.0,10.0
157,-72.2,-76.0,-60.2,-67.0,-56.0,-46.2,-66.0,-74.6,-63.2,-74.2,-66.6,-54.8,-76.0,-59.4,-80.0,-67.2,-56.0,-46.4,-66.0,-74.0,-62.6,-75.4,-66.8,-55.2,-48.0,-62.8,-47.4,-75.6,-77.4,-59.6,19.38,11.8,62.0,10.0
158,-73.2,-73.6,-62.0,-64.0,-46.8,-41.8,-63.8,-64.8,-63.6,-71.6,-66.4,-54.4,-75.2,-61.6,-74.8,-63.0,-46.6,-42.2,-63.8,-65.2,-63.6,-72.0,-66.6,-54.4,-60.6,-66.0,-42.4,-72.0,-70.0,-65.8,19.38,19.0,74.0,10.0
159,-76.0,-74.2,-60.8,-66.2,-46.6,-42.6,-60.8,-65.0,-62.2,-69.6,-65.2,-58.6,-74.2,-61.4,-75.0,-66.8,-46.6,-42.8,-60.8,-65.2,-62.6,-69.4,-65.0,-59.4,-56.8,-64.2,-33.0,-90.0,-66.0,-62.6,19.38,19.6,75.0,10.0
160,-74.0,-73.0,-63.8,-61.2,-42.8,-39.2,-60.0,-63.6,-60.0,-76.8,-67.0,-57.2,-73.0,-60.4,-73.8,-61.2,-42.4,-39.4,-60.2,-63.6,-59.8,-75.0,-67.2,-57.0,-60.2,-61.4,-23.6,-73.0,-66.75,-65.6,19.38,20.2,76.0,10.0
161,-74.8,-73.0,-64.2,-57.8,-47.2,-42.8,-58.6,-69.4,-65.2,-78.0,-70.8,-63.0,-73.0,-63.6,-73.0,-57.6,-46.8,-40.6,-58.4,-69.4,-64.2,-75.0,-71.6,-63.2,-62.2,-63.0,-35.8,-75.5,-66.0,-66.0,19.38,20.8,77.0,10.0
162,-80.8,-86.0,-65.2,-58.8,-49.2,-43.8,-64.8,-70.2,-65.4,-75.6,-70.6,-60.0,-88.0,-64.8,-80.4,-58.8,-49.2,-44.0,-64.4,-69.6,-65.6,-77.6,-71.0,-60.6,-67.0,-57.0,-35.6,-72.5,-77.0,-65.0,19.98,21.4,79.0,10.0
163,-71.8,-74.6,-62.0,-67.0,-55.2,-44.4,-65.8,-75.6,-65.6,-66.8,-59.6,-53.0,-74.6,-62.4,-76.0,-68.2,-55.2,-44.6,-66.2,-74.4,-66.0,-66.8,-60.2,-53.2,-59.2,-67.0,-46.2,-67.2,-74.8,-63.6,19.98,12.4,94.0,10.0
164,-90.0,-79.0,-63.0,-72.8,-56.8,-50.2,-63.2,-73.6,-65.8,-68.0,-66.8,-52.4,-81.4,-65.4,-82.0,-72.6,-56.4,-50.0,-63.2,-74.2,-66.0,-67.8,-67.0,-52.0,-41.6,-74.0,-49.0,-65.8,-76.5,-63.0,19.98,11.2,96.0,10.0
165,-72.0,-72.0,-61.4,-62.4,-53.2,-43.4,-68.0,-73.4,-60.2,-70.4,-58.8,-57.8,-67.0,-62.0,-76.0,-62.4,-53.0,-42.4,-67.8,-73.4,-60.2,-70.6,-58.8,-57.6,-54.4,-69.4,-46.2,-65.0,-76.4,-66.0,19.98,13.0,93.0,10.0
166,-69.4,-68.0,-59.4,-68.4,-53.6,-40.8,-64.4,-72.4,-57.8,-70.2,-52.0,-54.0,-68.8,-60.0,-78.8,-68.4,-53.6,-41.8,-64.4,-72.0,-57.8,-70.2,-52.0,-53.8,-48.8,-66.2,-52.2,-67.4,-76.0,-66.6,19.98,13.6,92.0,10.0
167,-69.4,-72.8,-62.0,-67.2,-54.6,-42.2,-63.6,-71.4,-57.4,-68.8,-47.0,-54.6,-71.6,-61.6,-75.0,-66.8,-54.8,-42.0,-63.6,-72.4,-57.2,-68.8,-47.4,-54.2,-53.0,-64.6,-54.4,-67.0,-78.0,-67.75,19.98,14.2,91.0,10.0
168,-73.2,-71.2,-59.2,-66.6,-53.0,-43.4,-62.8,-72.8,-56.0,-67.8,-50.8,-54.8,-70.6,-57.6,-75.6,-66.4,-52.8,-42.2,-63.2,-74.2,-56.6,-68.2,-50.8,-54.0,-56.2,-63.4,-47.8,-68.2,-72.0,-66.2,19.98,14.8,90.0,10.0
169,-72.0,-79.0,-57.6,-68.8,-44.0,-39.6,-59.6,-67.4,-51.6,-69.2,-58.6,-55.2,-73.2,-57.8,-77.0,-68.4,-43.8,-39.2,-59.8,-68.4,-51.2,-68.4,-58.2,-55.0,-62.4,-68.0,-48.0,-70.0,-80.6,-67.8,19.98,15.4,89.0,10.0
170,-71.33333333333333,-79.0,-63.2,-65.6,-46.0,-36.6,-63.4,-66.8,-55.0,-75.4,-57.6,-61.0,-70.0,-63.4,-77.0,-65.6,-46.0,-37.8,-63.4,-67.4,-55.2,-73.8,-57.6,-60.4,-54.0,-66.0,-46.0,-72.0,-80.0,-66.6,19.98,16.0,88.0,10.0
171,-71.2,-70.0,-62.6,-66.8,-43.8,-44.0,-61.8,-67.8,-58.2,-77.4,-59.0,-60.8,-70.0,-62.6,-75.6,-67.0,-43.4,-43.4,-62.0,-67.8,-58.2,-77.0,-59.4,-60.8,-57.2,-62.6,-39.4,-71.8,-78.8,-69.2,19.98,16.6,87.0,10.0
172,-69.8,-73.0,-61.2,-60.4,-43.8,-41.8,-59.6,-62.4,-57.8,-71.2,-65.8,-59.8,-74.8,-61.8,-73.8,-60.6,-44.0,-41.6,-59.4,-60.2,-57.4,-73.4,-66.2,-59.8,-57.8,-62.8,-47.0,-71.0,-67.6,-66.6,19.98,17.2,86.0,10.0
173,-73.2,-78.4,-61.0,-63.6,-43.6,-42.2,-61.8,-60.2,-57.6,-71.6,-65.6,-56.2,-78.0,-61.4,-76.2,-63.4,-43.8,-42.2,-61.4,-60.0,-57.4,-71.4,-65.2,-56.0,-56.8,-65.8,-41.2,-72.0,-69.2,-66.6,19.98,17.8,85.0,10.0
174,-70.8,-77.4,-61.2,-64.2,-43.4,-40.8,-62.2,-61.6,-62.4,-74.4,-62.6,-54.8,-77.8,-61.6,-76.2,-64.0,-43.2,-40.4,-62.6,-63.0,-61.6,-70.6,-63.0,-55.0,-56.4,-65.2,-32.0,-78.0,-74.0,-63.4,19.98,18.4,84.0,10.0
175,-70.0,-73.0,-60.2,-65.6,-54.6,-46.4,-61.6,-77.4,-64.8,-70.2,-67.6,-50.0,-73.0,-59.6,-80.8,-65.8,-54.8,-46.6,-62.0,-77.6,-64.2,-69.6,-67.4,-49.6,-48.8,-72.0,-48.6,-67.6,-75.2,-64.8,19.98,11.8,95.0,10.0
176,-77.4,-76.2,-62.4,-63.0,-46.8,-41.0,-59.0,-65.6,-60.6,-77.2,-64.0,-54.6,-76.0,-63.2,-75.0,-62.8,-46.8,-40.8,-58.8,-69.2,-60.6,-80.0,-64.0,-54.6,-60.8,-63.6,-38.8,-75.0,-71.0,-69.8,19.98,19.0,83.0,10.0
177,-74.33333333333333,-72.4,-59.2,-61.8,-42.6,-40.4,-55.8,-62.8,-58.4,-75.4,-62.2,-54.2,-74.2,-58.2,-75.0,-61.8,-42.2,-40.0,-55.8,-63.0,-59.6,-76.0,-62.4,-54.0,-64.6,-60.4,-31.2,-75.0,-73.4,-64.2,19.98,19.6,82.0,10.0
178,-73.4,-86.0,-61.6,-59.8,-45.2,-44.4,-67.4,-74.0,-64.2,-74.8,-66.4,-56.2,-88.0,-62.4,-77.2,-60.0,-45.0,-44.2,-67.2,-71.4,-63.8,-75.2,-66.0,-57.0,-65.0,-65.4,-27.2,-75.0,-75.2,-69.4,19.98,20.2,81.0,10.0
179,-81.66666666666667,-86.0,-62.8,-59.6,-46.2,-45.4,-66.8,-70.8,-64.8,-75.2,-69.4,-58.6,-88.0,-63.0,-78.0,-59.4,-46.0,-45.8,-66.6,-71.4,-64.6,-73.6,-69.8,-58.8,-68.2,-65.6,-29.2,-73.66666666666667,-77.2,-64.0,19.98,20.8,80.0,10.0
180,-79.4,-78.8,-62.0,-53.4,-49.4,-43.6,-57.6,-69.4,-63.0,-82.2,-69.2,-62.4,-78.8,-64.2,-74.8,-54.0,-49.4,-43.6,-57.6,-72.8,-63.8,-82.6,-69.2,-62.2,-60.6,-54.8,-34.6,-71.0,-74.2,-63.6,20.58,21.4,114.0,10.0
181,-82.0,-80.0,-62.4,-66.8,-59.2,-48.2,-64.4,-71.8,-63.2,-72.0,-67.2,-54.6,-83.8,-63.0,-78.0,-66.2,-59.0,-49.4,-64.4,-73.2,-64.0,-72.2,-67.4,-54.6,-50.0,-65.4,-51.2,-69.4,-90.0,-67.2,20.58,12.4,99.0,10.0
182,-90.0,-79.0,-64.4,-66.8,-61.2,-53.4,-67.6,-73.0,-68.2,-73.0,-64.8,-55.2,-85.0,-64.0,-77.2,-66.4,-61.0,-53.2,-67.8,-73.4,-67.4,-73.0,-64.6,-55.4,-45.0,-70.4,-49.4,-63.4,-76.2,-57.2,20.58,11.2,97.0,10.0
183,-69.25,-75.6,-62.2,-70.2,-59.2,-45.2,-65.2,-69.6,-62.2,-67.8,-64.6,-54.0,-70.4,-62.2,-75.0,-71.0,-59.0,-46.2,-65.6,-69.6,-63.4,-68.2,-65.2,-53.8,-52.8,-65.8,-52.2,-71.0,-90.0,-67.2,20.58,13.0,100.0,10.0
184,-66.75,-69.8,-60.4,-62.6,-56.8,-46.0,-65.6,-68.0,-58.8,-70.8,-62.0,-53.6,-70.2,-65.8,-76.6,-62.0,-56.4,-44.4,-67.4,-68.0,-59.4,-71.0,-62.2,-53.2,-52.6,-64.2,-56.0,-69.6,-64.6,-62.2,20.58,13.6,101.0,10.0
185,-68.8,-68.6,-62.2,-66.4,-52.4,-42.8,-64.6,-71.6,-56.8,-72.0,-50.0,-58.6,-68.8,-62.8,-77.0,-67.2,-52.4,-43.2,-64.6,-71.6,-57.4,-70.0,-50.0,-58.2,-47.8,-64.4,-53.0,-69.6,-73.0,-64.2,20.58,14.2,102.0,10.0
186,-68.2,-68.0,-62.0,-65.2,-51.2,-45.8,-63.6,-70.0,-53.4,-75.6,-48.0,-58.8,-69.2,-62.0,-75.0,-64.6,-51.2,-44.2,-64.2,-69.2,-53.4,-71.2,-48.0,-58.6,-56.8,-63.8,-56.2,-68.8,-75.2,-65.2,20.58,14.8,103.0,10.0
187,-68.8,-70.4,-61.0,-68.2,-51.8,-38.8,-62.6,-72.6,-52.0,-79.4,-53.0,-56.2,-70.0,-60.8,-75.0,-67.4,-52.0,-39.4,-62.8,-72.2,-52.2,-76.4,-53.0,-56.4,-53.2,-64.4,-48.0,-68.66666666666667,-76.6,-65.2,20.58,15.4,104.0,10.0
188,-73.2,-70.0,-61.2,-64.0,-44.4,-37.6,-61.0,-73.4,-52.8,-78.2,-61.8,-56.0,-70.0,-61.0,-75.0,-65.2,-44.2,-36.2,-61.2,-72.6,-52.6,-78.0,-62.0,-56.0,-63.2,-64.2,-49.6,-68.2,-74.4,-65.2,20.58,16.0,105.0,10.0
189,-78.8,-80.6,-63.4,-59.8,-39.8,-42.0,-61.8,-62.6,-54.6,-74.8,-57.8,-60.0,-80.2,-60.4,-77.0,-60.0,-40.0,-43.4,-61.8,-62.8,-55.4,-74.8,-57.4,-60.2,-58.2,-64.0,-46.8,-68.0,-76.4,-66.2,20.58,16.6,106.0,10.0
190,-74.2,-73.6,-64.6,-62.8,-39.4,-42.6,-59.4,-61.0,-53.6,-75.2,-57.0,-58.8,-73.4,-64.4,-78.6,-63.0,-39.0,-42.6,-59.4,-60.8,-53.8,-75.4,-56.6,-59.0,-60.6,-65.5,-46.6,-77.0,-74.4,-67.2,20.58,17.2,107.0,10.0
191,-70.4,-75.2,-64.0,-60.8,-39.8,-42.6,-60.0,-58.8,-55.4,-75.2,-63.8,-56.4,-75.2,-62.6,-73.0,-60.8,-39.8,-43.8,-60.0,-58.6,-56.8,-75.4,-63.6,-56.6,-55.2,-65.6,-44.8,-69.2,-73.0,-66.2,20.58,17.8,108.0,10.0
192,-72.2,-78.0,-62.4,-63.8,-40.2,-44.4,-64.6,-60.6,-56.2,-73.0,-68.2,-59.6,-78.2,-61.4,-72.6,-63.8,-40.4,-44.2,-64.8,-60.6,-56.6,-75.6,-68.0,-59.8,-62.4,-66.4,-42.0,-68.0,-69.4,-65.2,20.58,18.4,109.0,10.0
193,-82.0,-79.2,-63.6,-64.2,-57.0,-48.8,-64.8,-74.8,-68.6,-72.2,-66.0,-55.8,-85.0,-64.2,-74.0,-63.8,-56.8,-50.4,-65.2,-75.6,-68.6,-72.8,-66.0,-55.8,-45.4,-64.2,-51.6,-65.8,-78.0,-60.2,20.58,11.8,98.0,10.0
194,-74.4,-78.0,-61.0,-62.2,-41.6,-44.8,-60.2,-63.8,-57.8,-72.8,-66.2,-63.2,-77.2,-61.4,-72.0,-62.2,-41.6,-44.6,-59.6,-63.6,-57.6,-74.2,-66.0,-63.4,-55.6,-63.2,-42.0,-70.0,-69.0,-67.2,20.58,19.0,110.0,10.0
195,-73.2,-74.4,-61.0,-57.6,-43.8,-42.2,-61.6,-62.4,-58.2,-72.0,-68.6,-54.8,-75.4,-61.0,-70.0,-57.8,-43.4,-42.0,-61.8,-62.2,-58.4,-77.2,-68.2,-54.8,-58.6,-61.0,-38.8,-71.25,-79.4,-69.6,20.58,19.6,111.0,10.0
196,-79.4,-76.0,-59.8,-60.8,-43.0,-44.4,-67.0,-68.4,-61.4,-73.4,-61.2,-58.6,-74.0,-59.8,-70.0,-60.8,-42.8,-42.2,-66.8,-66.0,-61.8,-75.0,-61.2,-58.8,-62.2,-63.2,-34.2,-72.0,-75.6,-70.0,20.58,20.2,112.0,10.0
197,-80.6,-76.0,-60.8,-59.2,-48.0,-44.0,-66.2,-72.8,-62.8,-77.6,-67.6,-62.0,-74.0,-60.8,-70.0,-59.2,-48.0,-43.4,-66.2,-72.4,-63.2,-76.2,-67.8,-61.6,-61.2,-65.2,-32.8,-69.0,-76.25,-65.0,20.58,20.8,113.0,10.0
198,-77.0,-82.0,-62.8,-59.4,-55.4,-50.2,-66.4,-73.2,-65.8,-80.0,-74.2,-62.2,-81.0,-63.6,-76.0,-59.6,-55.6,-51.2,-66.4,-72.0,-64.2,-79.4,-74.4,-62.6,-61.0,-52.0,-34.4,-68.5,-77.4,-66.0,21.18,21.4,115.0,10.0
199,-69.33333333333333,-69.0,-64.0,-68.0,-55.4,-45.2,-68.4,-80.6,-62.8,-74.2,-61.4,-57.4,-69.0,-63.8,-78.6,-68.6,-55.8,-45.6,-68.0,-74.6,-63.2,-73.8,-61.6,-57.0,-47.2,-66.0,-56.6,-67.2,-80.25,-62.4,21.18,12.4,130.0,10.0
200,-79.0,-81.2,-66.2,-70.8,-61.6,-52.6,-65.2,-81.2,-67.2,-74.6,-70.0,-59.0,-81.2,-72.0,-77.4,-69.4,-61.6,-51.6,-65.6,-80.6,-68.0,-75.6,-70.2,-58.6,-46.4,-66.8,-52.8,-68.8,-75.8,-66.4,21.18,11.2,132.0,10.0
201,-67.2,-75.0,-61.0,-69.4,-59.8,-49.4,-69.2,-81.0,-64.2,-72.8,-66.0,-62.8,-71.4,-61.0,-83.0,-69.6,-59.6,-49.6,-68.6,-74.4,-64.6,-73.4,-66.2,-63.4,-49.2,-64.6,-54.6,-68.0,-78.0,-65.6,21.18,13.0,129.0,10.0
202,-70.0,-73.0,-63.8,-67.6,-56.6,-46.6,-67.2,-80.0,-58.0,-77.0,-62.4,-63.2,-73.0,-62.2,-83.0,-67.8,-56.6,-45.0,-67.6,-78.4,-59.6,-76.8,-63.0,-63.2,-48.8,-70.0,-53.8,-69.8,-78.0,-65.6,21.18,13.6,128.0,10.0
203,-65.0,-70.0,-60.8,-63.4,-56.2,-46.4,-64.6,-75.0,-57.0,-77.8,-50.4,-56.2,-69.2,-61.0,-78.2,-63.8,-56.2,-46.4,-64.2,-75.2,-56.8,-77.2,-50.4,-56.0,-50.2,-67.0,-53.2,-68.25,-77.75,-61.8,21.18,14.2,127.0,10.0
204,-65.0,-68.0,-65.8,-66.6,-55.8,-45.0,-66.6,-74.8,-54.8,-77.8,-47.0,-62.2,-68.4,-65.2,-75.0,-67.2,-55.8,-43.6,-66.8,-75.2,-54.8,-79.0,-47.6,-63.2,-47.6,-71.6,-50.2,-65.0,-73.0,-68.4,21.18,14.8,126.0,10.0
205,-73.6,-76.0,-62.8,-68.2,-55.6,-44.2,-65.8,-73.2,-53.4,-78.2,-50.8,-66.2,-74.8,-63.2,-76.8,-68.4,-55.6,-44.0,-65.6,-70.0,-53.2,-78.0,-50.8,-66.2,-51.0,-68.6,-52.0,-64.6,-79.0,-64.8,21.18,15.4,125.0,10.0
206,-79.2,-81.0,-61.6,-66.0,-49.8,-44.4,-66.0,-67.2,-54.6,-74.4,-60.4,-59.8,-79.4,-62.0,-77.8,-65.8,-49.8,-44.2,-66.0,-68.2,-54.4,-75.2,-60.4,-59.6,-52.0,-70.8,-49.0,-71.6,-77.6,-70.4,21.18,16.0,124.0,10.0
207,-74.5,-73.0,-62.0,-66.2,-48.4,-44.6,-63.2,-62.8,-55.8,-75.2,-57.8,-58.4,-73.0,-62.2,-75.6,-66.6,-48.4,-45.4,-63.2,-64.2,-55.4,-76.0,-57.6,-58.8,-54.8,-64.6,-46.4,-75.0,-72.6,-68.2,21.18,16.6,123.0,10.0
208,-67.8,-73.8,-63.0,-71.6,-46.6,-48.8,-63.6,-58.8,-59.8,-76.0,-63.4,-65.6,-74.2,-64.4,-73.0,-70.4,-46.6,-52.0,-63.8,-58.6,-59.8,-77.4,-63.6,-65.6,-60.2,-65.66666666666667,-52.6,-68.0,-74.6,-68.4,21.18,17.2,122.0,10.0
209,-76.6,-74.6,-61.8,-63.0,-48.8,-45.2,-55.6,-60.8,-59.0,-77.0,-58.4,-58.0,-74.0,-61.6,-72.2,-62.8,-48.6,-44.4,-55.2,-61.0,-60.0,-77.0,-59.0,-57.6,-53.0,-62.0,-41.2,-70.0,-69.8,-66.8,21.18,17.8,121.0,10.0
210,-75.4,-76.2,-63.4,-62.4,-46.2,-42.0,-63.4,-67.4,-59.6,-75.4,-62.2,-62.8,-75.8,-63.2,-78.6,-62.4,-46.2,-42.2,-63.4,-66.0,-60.0,-75.6,-62.4,-63.0,-53.2,-64.8,-43.2,-71.0,-69.4,-68.2,21.18,18.4,120.0,10.0
211,-78.4,-73.8,-68.6,-68.4,-60.8,-47.8,-65.0,-80.8,-66.4,-76.0,-63.4,-58.8,-73.8,-68.8,-77.4,-67.6,-60.8,-48.2,-64.6,-81.2,-66.0,-79.0,-63.4,-58.6,-51.6,-68.4,-52.4,-70.4,-78.6,-65.2,21.18,11.8,131.0,10.0
212,-69.8,-77.8,-62.0,-65.8,-51.2,-42.0,-56.0,-67.8,-62.6,-76.2,-67.0,-57.4,-75.6,-60.6,-70.0,-65.8,-51.0,-42.0,-55.8,-67.2,-62.4,-71.2,-67.4,-57.4,-60.0,-64.2,-41.8,-66.0,-76.6,-65.8,21.18,19.0,119.0,10.0
213,-86.0,-81.8,-62.4,-65.0,-50.8,-42.2,-63.2,-67.4,-61.2,-80.0,-65.6,-57.6,-81.2,-62.4,-71.8,-65.2,-50.8,-42.0,-63.4,-67.6,-61.0,-73.6,-65.0,-57.6,-60.0,-61.6,-35.0,-65.8,-79.5,-66.4,21.18,19.6,118.0,10.0
214,-82.66666666666667,-86.0,-64.6,-62.6,-51.6,-44.2,-66.6,-68.4,-63.6,-77.8,-64.4,-63.8,-86.0,-63.8,-72.4,-62.8,-51.6,-44.2,-66.4,-68.4,-61.8,-79.0,-65.0,-63.6,-55.4,-57.8,-32.8,-65.0,-75.0,-60.0,21.18,20.2,117.0,10.0
215,-81.0,-84.4,-65.0,-64.6,-54.8,-49.4,-62.8,-66.6,-62.0,-78.4,-63.2,-61.2,-84.0,-65.8,-78.2,-64.6,-54.8,-49.4,-63.0,-67.6,-61.6,-78.0,-63.8,-61.2,-57.6,-59.2,-38.0,-72.0,-74.0,-61.6,21.18,20.8,116.0,10.0
216,-80.0,-76.0,-68.6,-49.2,-50.6,-44.8,-55.8,-62.4,-67.4,-76.6,-65.6,-61.0,-78.0,-69.0,-77.2,-49.0,-50.6,-43.8,-55.8,-62.6,-68.8,-77.2,-65.2,-61.2,-65.0,-64.8,-49.0,-74.6,-65.2,-57.2,14.58,21.4,316.0,10.0
217,-72.0,-73.2,-61.0,-63.2,-53.6,-43.4,-62.2,-72.8,-69.4,-70.6,-48.0,-54.8,-72.0,-61.0,-70.6,-63.2,-53.4,-43.0,-61.6,-72.6,-70.2,-70.0,-47.8,-54.6,-57.0,-73.2,-50.25,-75.4,-90.0,-60.6,14.58,12.4,301.0,10.0
218,-76.0,-80.8,-66.8,-69.2,-54.4,-45.4,-60.0,-73.8,-64.2,-75.2,-66.0,-60.2,-81.8,-66.8,-74.4,-69.2,-54.4,-47.8,-60.0,-73.8,-63.8,-76.4,-65.4,-60.4,-65.8,-65.6,-44.4,-67.25,-72.4,-55.4,14.58,11.2,299.0,10.0
219,-74.6,-67.2,-63.0,-59.6,-53.2,-40.4,-67.2,-70.8,-64.8,-68.4,-51.8,-57.2,-68.0,-63.2,-66.4,-59.8,-53.2,-41.2,-68.0,-70.4,-65.0,-68.0,-52.0,-57.0,-55.8,-73.0,-52.8,-73.4,-90.0,-63.2,14.58,13.0,302.0,10.0
220,-74.5,-71.2,-61.8,-62.0,-54.0,-37.2,-61.6,-70.2,-64.2,-74.2,-53.8,-54.4,-71.4,-62.2,-69.4,-61.8,-54.0,-38.0,-61.8,-71.2,-64.4,-71.6,-54.0,-54.6,-56.4,-72.8,-49.6,-67.4,-74.25,-66.4,14.58,13.6,303.0,10.0
221,-73.0,-73.0,-62.0,-59.2,-54.4,-37.6,-61.0,-69.0,-64.6,-69.0,-58.2,-55.8,-72.2,-62.2,-74.2,-59.2,-54.6,-37.6,-61.2,-69.8,-64.4,-69.6,-58.6,-55.2,-59.0,-64.4,-48.6,-68.8,-71.0,-61.8,14.58,14.2,304.0,10.0
222,-71.25,-73.8,-64.2,-60.6,-53.0,-40.2,-61.2,-69.4,-63.6,-70.6,-63.8,-56.8,-73.4,-63.2,-75.6,-60.0,-52.8,-40.2,-61.2,-70.8,-63.8,-70.4,-63.8,-56.4,-62.0,-67.8,-54.6,-68.4,-71.0,-65.4,14.58,14.8,305.0,10.0
223,-69.4,-75.0,-66.6,-58.0,-55.0,-40.4,-59.8,-67.6,-61.4,-70.6,-61.4,-60.4,-72.2,-66.4,-75.2,-58.2,-54.8,-41.2,-60.0,-67.8,-62.2,-70.6,-61.6,-60.4,-61.0,-64.6,-49.6,-66.8,-74.0,-63.0,14.58,15.4,306.0,10.0
224,-74.2,-68.0,-65.0,-63.4,-53.4,-43.8,-61.8,-66.8,-64.6,-70.2,-63.4,-61.4,-67.0,-65.6,-70.4,-63.2,-53.4,-42.0,-62.8,-68.6,-64.2,-70.2,-63.6,-61.6,-58.6,-69.0,-47.6,-67.4,-77.6,-62.2,14.58,16.0,307.0,10.0
225,-76.0,-76.0,-65.6,-62.0,-56.2,-42.4,-61.8,-73.0,-63.8,-73.0,-63.2,-64.4,-67.0,-65.6,-73.8,-61.4,-56.2,-41.8,-61.4,-73.4,-64.2,-73.2,-63.2,-64.2,-62.2,-64.4,-49.0,-69.8,-77.33333333333333,-64.6,14.58,16.6,308.0,10.0
226,-73.75,-73.8,-61.8,-57.6,-56.6,-44.0,-56.2,-70.6,-63.6,-71.0,-63.4,-57.0,-77.0,-61.8,-78.0,-57.6,-57.0,-43.8,-56.2,-70.4,-64.0,-71.2,-63.8,-57.2,-61.6,-64.2,-48.8,-74.6,-75.0,-60.8,14.58,17.2,309.0,10.0
227,-71.4,-73.4,-61.2,-58.2,-53.4,-41.6,-59.0,-69.0,-64.0,-68.4,-62.0,-55.0,-74.6,-62.0,-79.6,-58.6,-53.4,-42.6,-59.0,-69.4,-65.0,-67.8,-62.8,-54.4,-62.6,-63.6,-49.6,-73.8,-75.0,-64.0,14.58,17.8,310.0,10.0
228,-71.0,-74.0,-66.6,-61.0,-55.2,-43.8,-57.6,-73.8,-63.8,-69.8,-62.2,-53.8,-73.0,-66.2,-80.2,-61.4,-55.4,-44.4,-57.6,-72.6,-63.2,-69.8,-62.4,-53.4,-62.8,-60.4,-43.6,-76.0,-72.0,-58.2,14.58,18.4,311.0,10.0
229,-78.5,-76.4,-63.4,-68.4,-51.2,-43.4,-60.8,-74.4,-65.2,-72.4,-55.8,-58.2,-80.8,-63.8,-71.6,-69.6,-51.2,-43.6,-61.2,-73.6,-65.2,-72.4,-55.8,-58.8,-56.8,-66.0,-46.8,-68.0,-73.0,-55.8,14.58,11.8,300.0,10.0
230,-73.0,-74.0,-64.2,-55.6,-53.4,-43.2,-56.4,-69.0,-67.8,-70.0,-60.2,-56.4,-73.0,-64.6,-80.8,-55.6,-53.2,-45.4,-56.6,-69.8,-67.6,-69.8,-60.0,-56.0,-61.5,-64.4,-47.8,-75.2,-68.2,-61.0,14.58,19.0,312.0,10.0
231,-71.4,-74.0,-64.6,-54.4,-49.8,-43.8,-58.0,-64.4,-65.4,-73.6,-66.8,-58.2,-73.0,-64.8,-80.0,-54.4,-49.6,-43.2,-57.8,-65.0,-65.8,-73.2,-66.8,-57.8,-63.5,-66.2,-42.8,-73.0,-70.0,-60.6,14.58,19.6,313.0,10.0
232,-71.66666666666667,-74.0,-66.6,-55.8,-50.8,-45.4,-60.6,-57.4,-65.4,-74.0,-60.8,-59.6,-74.0,-66.6,-81.0,-56.0,-50.8,-45.4,-61.0,-57.8,-65.4,-73.0,-60.4,-60.0,-61.8,-60.6,-43.0,-70.0,-66.6,-64.4,14.58,20.2,314.0,10.0
233,-73.0,-76.0,-68.2,-52.2,-55.0,-46.6,-55.0,-62.4,-65.2,-74.0,-64.8,-60.0,-78.0,-66.8,-80.6,-52.0,-55.0,-43.0,-55.0,-62.6,-65.0,-74.6,-64.8,-60.2,-61.0,-63.6,-46.2,-77.5,-63.2,-62.8,14.58,20.8,315.0,10.0
